exact,hear,summer,economics,brochak,session,dear,give,philosophy,event,please,oaa,clash,newly,come,semester,permission,po,open,refer,one,part,instead,could,need,jhawar,join,programme,timetable,tentative,unable,ds,rich,wait,soon,minor,send,civilisation,decide,would,year,cs,know,thanks,u,sir,class,spring,faculty,however,fifth,visible,tomorrow,plan,another,do,look,second,still,unlist,message,prepare,timing,science,tell,foundation,enlist,english,spf,want,hence,fall,travel,page,offer,math,appropriate,upcoming,attend,like,fc,option,removal,thank,gain,theory,prepared,begin,compulsary,lit,offering,computation,abir,regard,check,psych,ashoka,issue,registration,date,intro,show,occur,vacation,fac,introduction,interdicsiplinary,remove,next,forgot,new,time,wold,prospective,hi,announce,pm,asap,wonder,curricular,taught,register,physic,bazaz,rathi,major,mind,academic,area,inform,hello,political,mahavir,advance,ct,list,happen,network,help,separate,grant,reistration,go,backpacker,th,registrarion,cts,access,plese,delete,possible,grateful,opt,course,take,slot,language,architecture,professor,clarity,unique,due,accordingly,return,world,share,switch,mental,pol,helpful,hope,hey,fix,co,tuesday,selection,change,held,forward,cognitive,history,let,addition,long,ir,correct,behaviour,trend,really,drop,needful,database,ev,query,add,psy,monsoon,two,admin,scalable,spanish,low,psychology,sem,right,thursday,likely,prof,interdicsplinary,nd,madam,chan,indian,literature,relation,health,connectivity,Target_Class
0,0,0,0,0,0,0.209073509,0,0,0,0.17147797,0,0,0,0,0,0,0,0,0,0,0,0,0,0,0,0,0,0,0,0,0,0,0,0,0,0,0,0,0,0,0,0,0,0,0,0,0,0,0,0,0,0,0,0,0.285886264,0,0,0,0,0,0,0,0,0,0,0,0,0,0.276824994,0,0,0,0,0,0,0,0,0,0,0.240552712,0,0,0,0,0,0,0,0,0,0,0,0,0,0,0,0,0,0,0,0,0,0,0,0,0,0,0,0,0,0,0,0,0,0,0,0,0,0,0,0,0,0,0,0,0,0,0,0,0,0,0,0,0,0,0,0,0,0,0,0,0,0,0,0,0,0,0,0,0,0,0,0,0.126144417,0,0,0,0,0,0,0,0,0,0,0,0,0,0,0,0,0,0,0,0,0,0,0,0,0,0,0,0,0,0,0,0,0,0,0,0.571772529,0.463416885,0,0.391233288,0,0,0,0,0,0,0,0,0,0,0,0,0,0,0,0,0,0,0,0,0,0,0,0,7
0,0,0,0,0,0,0.1681183,0,0,0,0.137887315,0,0,0,0,0,0,0,0,0,0,0,0,0,0,0,0,0,0,0,0,0,0,0,0,0,0,0,0,0,0,0,0,0,0,0,0,0,0,0,0,0,0,0,0,0,0,0,0,0,0,0,0,0,0,0.338685254,0,0,0.372638596,0.222598011,0,0,0,0,0,0,0,0,0,0,0.193431072,0,0,0,0,0,0,0,0,0,0,0,0,0,0,0,0,0,0,0,0,0,0,0,0,0,0,0,0,0,0,0,0,0,0,0,0,0,0,0,0,0,0,0,0,0,0,0,0,0,0,0,0,0,0,0.20968955,0,0,0,0,0,0,0,0,0,0,0,0,0,0,0,0,0,0.304302326,0,0,0,0,0,0,0,0,0,0,0,0,0,0,0,0,0,0,0,0,0,0,0,0,0,0,0,0,0,0,0,0,0,0,0,0.689652835,0,0,0,0,0,0,0,0,0,0,0,0,0,0,0,0,0,0,0,0,0,0,0,0,0,0,0,7
0,0,0,0,0,0,0.189563483,0,0,0,0.155476231,0,0,0,0,0.198153132,0,0,0,0,0,0,0,0,0,0,0,0,0,0,0,0,0,0,0,0,0,0,0,0,0,0,0,0.333655289,0,0,0,0,0,0,0,0,0,0,0,0,0,0,0,0,0,0,0,0,0,0,0,0,0,0,0,0,0,0,0,0,0,0,0,0,0,0,0,0,0,0,0,0,0,0,0,0,0,0,0,0,0,0,0,0,0,0,0,0,0,0.420172403,0,0,0,0,0,0,0,0,0,0,0,0,0,0,0,0,0,0,0,0,0,0,0,0,0,0,0,0,0,0,0,0,0,0,0,0,0,0,0,0,0,0,0,0,0,0,0,0.228746102,0,0,0,0,0,0,0,0,0,0,0,0,0,0,0,0,0,0,0,0,0,0,0,0,0,0,0,0,0,0,0.38188797,0,0,0,0,0.518416668,0,0,0,0,0,0,0,0,0,0,0,0,0,0,0,0,0,0,0,0,0,0,0,0,0.38188797,0,0,7
0,0,0,0,0,0,0.111578859,0,0,0,0.18302956,0,0,0,0,0,0.449565741,0,0,0.208794332,0,0,0,0,0,0,0.494634899,0,0,0,0,0,0,0,0,0,0,0,0,0,0,0,0,0,0,0,0.196392658,0,0,0,0,0,0,0,0,0,0,0,0,0,0.24731745,0,0,0,0,0,0,0,0,0,0,0,0,0,0,0,0,0,0,0,0.128378756,0,0,0,0,0,0,0,0,0,0,0,0.24731745,0,0,0,0,0,0,0,0,0,0,0,0,0,0,0,0,0,0,0,0,0,0,0,0,0,0,0,0,0,0,0.24731745,0,0,0,0,0,0,0,0,0,0,0,0,0,0,0,0,0.224782871,0,0,0,0,0,0,0,0,0,0,0,0,0.067321059,0,0,0,0,0,0,0,0,0,0,0.177692504,0,0,0,0,0,0,0,0,0,0,0,0,0,0.24731745,0,0,0,0,0,0,0,0,0,0,0,0,0,0,0,0.163725174,0,0,0,0,0,0,0,0,0,0,0,0,0,0,0,0,0,0,0.224782871,0,0,0,6
0,0,0,0,0,0,0.121889594,0,0,0,0.099971442,0,0,0,0,0,0,0,0,0,0,0,0,0,0.214540834,0,0,0,0,0,0,0,0,0,0,0.270171463,0,0,0,0,0,0,0,0,0,0,0,0,0,0.270171463,0,0,0,0,0,0.333342668,0,0,0,0,0,0,0,0,0,0,0,0,0,0,0,0,0,0.245554518,0,0.194112643,0,0,0,0,0,0,0,0,0,0,0,0,0.270171463,0,0,0,0,0,0,0,0,0,0.322777249,0,0,0,0,0,0,0,0,0,0,0,0,0,0,0,0,0,0,0,0,0,0,0.214540834,0,0,0,0,0,0,0,0,0,0,0,0,0.491109036,0.152029696,0,0,0,0,0,0,0,0,0,0,0,0,0,0,0,0,0,0.29416815,0,0,0,0,0,0,0,0,0,0,0,0,0,0,0,0,0,0,0,0,0,0,0,0,0,0,0,0,0,0,0,0,0,0,0,0,0,0,0,0,0,0,0,0,0,0,0,0,0,0,0,0,0,0,0,0,0,0,0,0,0,0,0,6
0,0,0,0,0,0,0.160443357,0,0,0,0.131592478,0,0,0,0,0,0.323223582,0,0,0,0,0,0,0,0,0.323223582,0,0,0,0,0,0,0,0,0,0,0,0,0,0,0,0,0,0.282400249,0,0,0,0,0,0,0,0,0,0,0,0,0,0,0,0,0,0,0,0,0,0,0,0,0,0,0,0,0,0,0,0,0,0,0,0,0,0,0,0,0,0.355626885,0,0,0,0,0,0.355626885,0,0,0,0,0,0,0.212435958,0,0,0,0,0,0,0,0,0,0,0,0,0,0,0,0,0,0,0,0,0,0,0.282400249,0,0,0,0,0,0,0,0,0,0,0.355626885,0,0,0,0,0,0,0,0,0,0,0,0,0,0,0,0,0,0,0,0,0.19360687,0,0,0,0,0,0,0,0,0,0,0,0,0,0,0,0,0,0,0,0,0,0,0,0,0,0,0,0,0,0,0,0,0,0,0,0,0,0,0,0,0,0,0,0,0,0,0,0,0,0,0,0,0,0.355626885,0,0,0,0,0,0,0,0,0,6
0,0,0.459467005,0,0,0,0.137621797,0,0,0,0.112874685,0,0,0,0.277248065,0.143857824,0,0,0,0,0,0,0,0,0,0,0,0,0,0,0,0,0,0,0,0,0,0.305042302,0,0,0,0,0.324997229,0,0,0,0,0,0,0,0,0,0,0,0,0.188183485,0,0,0,0,0,0,0,0,0,0,0,0,0,0.18221894,0,0,0,0,0.18221894,0,0,0,0,0,0.158342856,0,0,0,0,0,0,0,0,0,0,0,0,0.305042302,0,0,0,0,0,0,0,0,0,0,0,0,0,0,0,0,0,0,0,0,0,0,0,0,0,0,0,0,0,0,0,0,0,0,0,0,0,0,0,0,0,0,0,0,0,0,0,0,0,0,0,0,0,0,0,0,0,0,0,0.083034056,0,0,0,0,0,0,0,0,0,0,0,0,0,0,0,0,0,0,0,0,0,0,0,0,0,0,0,0.219166624,0,0,0,0,0,0,0,0,0,0,0,0.305042302,0,0,0,0,0,0,0,0,0,0,0,0,0,0,0,0,0,0,0.305042302,0,0,0,0,9
0,0,0,0,0,0,0,0,0,0,0,0,0,0,0,0.312195939,0,0,0,0.279439492,0,0,0,0,0,0,0,0,0,0,0,0,0,0,0,0,0,0,0,0.20419508,0,0,0.176324812,0,0,0,0,0,0,0,0,0,0,0,0,0,0,0,0,0,0,0,0,0,0,0,0,0,0,0.197723042,0,0,0,0,0.197723042,0,0,0,0,0,0,0,0,0,0,0,0,0,0,0,0,0,0,0,0,0,0,0,0,0,0,0,0,0,0,0,0,0,0.422568792,0,0,0,0,0,0,0,0,0,0,0,0,0,0,0,0,0.219121271,0,0,0,0,0.171815461,0,0,0,0,0.18625708,0,0,0,0,0,0,0,0,0,0,0,0,0,0,0,0,0,0.27029703,0,0,0,0,0,0,0,0,0,0,0,0,0,0,0,0.330996832,0,0,0,0,0,0,0,0,0,0,0,0,0,0,0,0,0,0,0.300837722,0,0,0,0,0,0,0,0,0,0,0,0,0,0,0,0,0,0.330996832,0,0,0,0,0,0,0,0,0,0,9
0,0,0.287493941,0,0,0,0,0,0,0,0,0,0,0,0,0.180027085,0,0,0,0.322276308,0,0,0,0,0,0,0,0,0,0,0,0,0,0,0,0,0,0,0,0,0,0,0,0,0,0,0,0,0,0,0,0,0,0,0,0.235497266,0,0,0,0,0,0.346954789,0,0,0,0,0,0,0,0.228033093,0,0,0,0,0,0,0,0,0,0,0,0,0,0,0,0,0,0,0,0,0,0,0,0,0,0,0,0,0,0,0,0,0,0.381737156,0,0,0,0,0.243673342,0,0,0,0,0,0,0,0,0,0,0,0,0,0,0,0,0,0,0,0,0,0,0,0,0,0,0.429618903,0,0,0,0,0,0,0,0,0,0,0,0,0,0,0,0,0,0.207821565,0,0,0,0,0,0,0,0,0.346954789,0,0,0,0,0,0,0,0,0,0,0,0,0,0,0,0,0,0,0,0,0,0,0,0,0,0,0,0,0,0,0,0,0,0,0,0,0,0,0,0,0,0,0,0,0,0,0,0,0,0,0,0,0,0,9
0,0,0,0,0,0,0.099022077,0,0,0,0,0,0,0,0,0.103509043,0,0,0,0,0,0,0,0.370594372,0,0,0,0,0,0,0,0,0,0,0,0,0,0,0.199486418,0.135402385,0,0,0,0.174291163,0,0,0,0,0.219485017,0,0,0,0,0,0,0,0,0,0,0,0,0,0,0,0,0,0,0,0,0,0,0,0,0,0,0.157695473,0,0.199486418,0,0,0,0,0,0,0.438970034,0,0,0,0,0,0,0,0,0,0,0,0,0,0,0,0,0,0,0,0,0,0,0,0.140103332,0,0,0,0,0,0,0,0,0,0,0,0,0,0.398972836,0,0,0.145299988,0,0,0,0,0,0,0,0,0,0.123507642,0,0,0,0,0,0,0,0,0,0,0,0.219485017,0,0,0,0.219485017,0,0.119489861,0,0,0,0,0,0.219485017,0,0,0,0,0,0,0,0,0,0,0,0,0.185297186,0,0,0,0,0,0,0,0,0,0,0,0,0,0,0,0.199486418,0,0,0,0,0,0,0,0,0,0,0,0,0,0,0,0,0,0,0,0,0,0,0,0,0,0,0,0,9
0,0,0,0,0,0,0.155279651,0,0,0,0,0,0,0,0.31282096,0.162315804,0,0,0,0,0,0,0,0,0.273311484,0,0,0,0,0,0,0,0,0,0,0,0,0,0,0,0.290570377,0,0,0,0,0,0,0,0,0,0,0,0,0.31282096,0,0,0,0,0,0,0,0,0.18834003,0,0,0,0,0,0,0,0,0,0.344181395,0,0,0,0,0,0,0,0,0,0,0,0,0,0,0,0,0,0,0,0,0,0,0,0,0,0.411197846,0.259209941,0,0,0,0,0,0,0,0,0,0,0,0,0,0,0,0,0,0,0,0,0,0,0,0,0,0,0,0,0,0,0,0,0,0,0,0,0,0,0,0,0,0,0,0,0,0,0,0,0,0,0,0,0,0.093687915,0,0,0,0,0,0,0,0,0.31282096,0,0,0,0,0,0,0,0,0,0,0,0,0,0,0,0,0,0,0,0,0,0,0,0,0,0,0,0,0,0,0,0,0,0,0,0,0,0,0,0,0,0,0,0,0,0,0.31282096,0,0,0,0,0,0,0,10
0,0,0,0,0,0,0,0,0,0,0.13992811,0,0,0,0,0,0,0,0,0,0,0,0,0.319251124,0,0,0,0,0.284795257,0,0,0,0,0,0,0,0,0,0,0,0,0,0,0,0,0,0,0,0,0,0,0.378153818,0,0,0,0,0,0,0,0,0,0,0.620790395,0,0,0,0,0,0,0,0,0,0,0,0,0.271695745,0,0,0,0,0.19629394,0,0,0,0,0,0,0,0,0,0,0,0,0,0,0,0,0,0,0,0,0,0,0,0,0,0,0,0,0,0,0,0,0,0,0,0,0,0,0,0,0,0,0,0,0,0,0,0,0,0.19629394,0,0,0,0,0,0,0,0,0,0,0,0,0,0,0,0,0,0,0,0,0,0,0,0,0,0,0,0,0,0,0,0,0,0,0.343697951,0,0,0,0,0,0,0,0,0,0,0,0,0,0,0,0,0,0,0,0,0,0,0,0,0,0,0,0,0,0,0,0,0,0,0,0,0,0,0,0,0,0,0,0,0,0,0,0,0,0,0,8
0,0,0,0,0,0,0,0,0,0,0.130344252,0,0,0,0,0,0,0,0,0,0,0,0,0.297385199,0,0,0,0,0.265289259,0,0,0,0,0,0,0,0.35225357,0,0,0,0,0,0,0,0,0,0,0,0,0,0,0,0,0,0,0,0,0,0,0,0,0,0.385514435,0,0,0,0,0,0,0,0,0,0,0,0,0,0,0,0,0,0,0,0,0,0,0,0,0,0,0,0,0,0,0,0,0,0,0,0,0,0,0.35225357,0,0,0,0,0,0,0,0,0,0.265289259,0,0,0.198218578,0,0,0,0,0,0,0,0,0,0,0,0,0,0,0,0,0,0,0,0,0,0,0,0,0,0,0,0,0,0,0,0,0,0,0,0,0,0,0.191770403,0,0.233193319,0,0,0,0,0,0,0,0,0,0,0,0,0,0,0,0,0,0,0,0,0,0,0,0,0,0,0,0,0,0.35225357,0,0,0,0,0,0,0,0,0,0,0,0.32015763,0,0,0,0,0,0,0,0,0,0,0,0,0,0,0,0,0,0,0,8
0,0,0,0,0,0,0.224246148,0,0,0,0,0,0,0,0,0,0,0,0,0,0,0,0,0,0,0,0,0,0,0,0,0,0,0,0,0,0,0,0,0,0,0,0,0,0,0,0,0,0,0,0,0,0,0,0,0,0,0,0,0,0,0,0.543980182,0,0,0,0,0,0,0,0,0,0,0,0,0,0,0,0,0,0,0,0,0,0,0,0,0,0,0.394701091,0,0,0,0,0,0,0,0,0,0,0,0,0,0,0,0,0,0,0,0,0,0,0,0,0,0,0,0,0,0,0,0,0,0,0,0,0,0,0,0,0,0,0,0,0,0,0,0,0,0,0,0,0,0,0,0,0,0,0,0,0,0,0,0.135298823,0,0,0,0,0,0,0,0,0,0,0.357118365,0,0,0,0,0,0,0,0,0,0,0,0,0,0,0,0.419625415,0,0,0,0,0,0,0.419625415,0,0,0,0,0,0,0,0,0,0,0,0,0,0,0,0,0,0,0,0,0,0,0,0,0,0,0,0,0,8
0,0,0,0,0,0,0.118406621,0,0,0.262451363,0,0,0,0,0,0,0,0,0,0,0,0,0,0,0,0,0,0,0,0,0,0,0,0,0,0,0,0,0,0.161908731,0,0,0.139810061,0,0,0,0,0,0,0,0,0,0,0,0,0,0,0,0,0,0,0.238537843,0.143616414,0,0,0,0,0,0,0,0.238537843,0,0,0,0,0,0,0,0,0.167529935,0,0,0,0,0,0,0,0,0,0,0,0,0,0,0,0,0,0,0.313553949,0.197657408,0,0,0,0,0,0,0,0,0,0,0,0,0,0,0,0,0,0,0,0,0,0,0,0,0,0,0,0,0.262451363,0,0,0,0,0.524902727,0,0,0,0,0.262451363,0,0,0,0,0,0,0,0,0,0,0,0,0,0,0.142881174,0,0,0,0,0,0,0,0,0,0,0,0,0,0,0,0,0,0,0,0,0,0,0,0,0,0,0,0,0,0,0,0,0,0,0,0,0,0,0,0,0,0,0,0,0,0,0,0.262451363,0,0,0,0,0,0,0,0,0,0,0,0,0,0,0.262451363,8
0,0,0,0,0,0,0,0,0,0,0,0,0,0,0,0,0,0,0,0,0,0,0,0,0,0,0,0,0,0,0,0,0,0,0,0,0,0,0,0,0,0,0,0,0,0,0,0,0,0,0,0,0,0,0,0.249751888,0,0,0,0,0,0,0,0,0,0,0,0,0,0,0,0,0,0.367955922,0,0,0,0,0,0,0,0.367955922,0,0,0,0,0,0,0,0,0,0,0,0,0,0,0,0,0.483671819,0.304895915,0,0,0,0,0,0,0,0,0,0,0,0,0,0,0,0,0,0,0,0,0,0,0,0,0,0,0,0,0,0,0,0,0,0,0,0,0,0,0,0.40484366,0,0,0,0,0,0.40484366,0,0,0,0,0,0,0,0.11020049,0,0,0,0,0,0,0,0,0,0,0,0,0,0,0,0,0,0,0,0,0,0,0,0,0,0,0,0,0,0,0,0,0,0,0,0,0,0,0,0,0,0,0,0,0,0,0,0,0,0,0,0,0,0,0,0,0,0,0,0,0,0,0,10
0,0,0,0,0,0,0,0,0,0,0.217182423,0,0,0,0,0,0,0,0,0,0,0,0,0,0,0,0,0,0,0,0,0,0,0,0,0,0,0,0,0,0,0,0,0.466078085,0,0,0,0,0,0,0,0,0,0,0,0,0,0,0,0,0,0,0,0,0,0,0,0,0,0,0,0,0,0,0,0,0,0,0,0,0,0,0,0,0,0,0,0,0,0,0,0,0,0,0,0,0,0,0,0,0,0,0,0,0,0,0,0,0,0,0,0,0,0,0,0,0,0,0,0,0,0,0,0,0,0,0,0,0,0,0,0,0,0,0,0.330276099,0,0,0,0,0,0,0,0,0,0,0,0,0,0,0,0,0,0.31953201,0,0,0,0,0,0,0,0,0,0,0,0,0,0,0,0,0,0,0,0,0,0,0,0,0,0,0,0,0,0,0,0,0,0,0,0.724168493,0,0,0,0,0,0,0,0,0,0,0,0,0,0,0,0,0,0,0,0,0,0,0,0,0,0,0,7
0,0,0,0,0,0,0,0,0,0,0,0,0,0,0,0,0,0,0,0,0,0,0,0,0,0,0,0,0,0,0,0,0,0,0,0,0,0,0,0.26554293,0,0,0,0,0,0,0,0,0,0,0,0,0,0,0,0,0,0,0,0,0,0,0,0,0,0,0,0,0,0,0,0,0,0,0,0,0,0,0,0.274762142,0.22343526,0,0,0.324173545,0,0,0,0,0,0,0,0,0,0,0,0,0,0,0,0,0,0,0,0,0,0,0,0,0,0,0,0,0,0,0.242215683,0,0,0,0,0,0,0,0,0,0,0,0,0,0,0,0,0,0,0,0,0,0,0,0,0,0,0,0,0,0,0,0,0,0,0,0,0,0,0.117168127,0.309262779,0,0,0,0,0,0,0,0,0,0,0,0,0,0,0,0,0,0,0,0,0,0,0,0,0,0,0,0,0,0,0,0,0,0,0.53108586,0,0,0.363393582,0,0,0,0,0,0,0,0,0,0,0.341809238,0,0,0,0,0,0,0,0,0,0,0,0,0,7
0,0.323309649,0,0,0,0,0,0,0,0,0,0,0,0,0,0.152472697,0,0,0,0,0,0,0,0,0,0,0,0,0,0,0,0,0,0,0.272949694,0,0,0,0,0.199452784,0,0,0,0,0,0,0,0,0,0,0,0,0,0,0,0,0,0,0,0,0,0,0,0,0,0,0,0,0,0,0,0,0,0,0,0,0,0.293850964,0,0.206377455,0,0,0,0,0,0,0,0,0,0,0,0,0,0,0,0,0,0,0,0,0,0,0,0,0,0,0,0,0,0,0,0,0,0,0.181931382,0,0,0,0,0,0,0,0,0,0,0,0,0,0,0,0,0,0,0,0,0,0,0,0,0,0,0,0,0,0,0,0,0,0,0,0,0,0,0.17601304,0,0,0,0,0,0,0,0,0,0,0,0,0,0,0,0,0.272949694,0,0,0,0,0,0,0,0,0,0,0,0,0,0,0,0,0,0,0.398905568,0,0,0,0,0,0.272949694,0,0,0.25673741,0,0,0,0.293850964,0,0,0,0,0,0,0,0,0.323309649,0,0,0,0,0,7
0,0,0,0,0,0,0,0,0,0,0,0,0.211823331,0,0,0,0,0,0,0,0.211823331,0,0,0,0,0.211823331,0,0,0.17552121,0,0,0,0,0,0,0,0,0,0,0.143776126,0,0,0,0,0.233058711,0,0,0,0,0,0,0,0,0,0,0,0,0,0,0,0,0,0,0,0,0,0,0,0,0,0,0,0,0,0,0,0,0,0,0.148767795,0,0,0,0,0,0,0,0,0,0,0,0,0,0,0,0,0,0,0,0,0,0,0,0,0,0,0,0,0.148767795,0,0,0,0,0,0.131145772,0,0,0,0,0,0,0,0,0,0,0.30857166,0,0,0,0.233058711,0,0,0,0,0,0,0,0,0,0,0,0,0,0,0,0,0,0,0,0,0,0,0.233058711,0.317198793,0,0,0,0.233058711,0,0,0,0.233058711,0,0,0,0,0,0,0,0,0,0,0,0,0,0,0.351042419,0,0,0,0,0,0,0,0,0,0,0,0,0.287552251,0,0,0,0,0,0,0,0.211823331,0,0,0,0,0,0.185069917,0,0,0,0,0,0,0,0,0,0,0,0,0,7
0,0,0,0,0,0,0.140674214,0,0,0,0,0,0,0,0,0,0,0,0,0,0,0,0.311808064,0,0,0,0,0,0,0,0,0,0,0,0,0,0,0,0,0,0,0,0,0,0,0,0,0,0,0,0,0,0,0,0,0,0,0,0,0,0,0,0,0,0,0.283397357,0,0,0,0,0,0,0,0,0,0.448055368,0,0,0,0.199035676,0.16185486,0,0,0,0,0,0,0,0,0,0,0,0,0,0,0,0,0,0,0,0,0,0,0,0,0,0,0,0,0,0,0,0.311808064,0,0,0,0,0,0,0,0,0,0,0,0,0,0,0,0,0,0,0,0,0,0,0,0,0,0,0,0,0,0,0,0,0,0,0,0,0,0,0,0,0.169751461,0.448055368,0,0,0,0,0,0,0,0,0,0,0,0,0,0,0,0,0,0,0,0,0,0,0,0,0,0,0,0,0,0,0,0,0,0,0.384714694,0,0,0,0,0,0,0,0,0,0,0,0,0,0.2476041,0,0,0,0,0,0,0,0,0,0,0,0,0,7
0,0,0,0,0,0,0,0,0,0,0,0.250247296,0,0,0,0,0,0,0,0,0,0,0,0,0,0,0,0,0,0,0,0,0,0,0.280523388,0,0,0,0.302004618,0,0,0,0,0,0,0,0,0,0,0,0,0,0,0,0,0,0,0,0,0.33228071,0,0,0,0,0,0,0,0,0,0,0,0,0,0,0,0,0,0,0,0,0,0,0.302004618,0,0,0,0,0,0,0,0,0,0,0,0,0,0,0,0,0,0,0,0,0,0,0,0,0,0,0,0,0,0,0,0,0,0,0,0,0,0,0,0,0,0,0,0,0,0,0,0,0,0,0,0,0,0,0,0,0,0,0,0,0,0,0,0,0,0,0,0.302004618,0,0,0.271345465,0,0,0,0,0,0,0,0,0,0,0,0,0,0,0,0,0.280523388,0,0,0,0,0,0,0,0,0.33228071,0,0,0,0,0,0,0,0,0,0.204987116,0,0,0,0,0,0.280523388,0,0,0,0,0,0,0.302004618,0,0,0,0,0,0,0,0,0,0,0,0,0,0,7
0,0,0.17861046,0,0,0,0,0,0,0,0.087756462,0,0,0,0,0,0,0,0,0,0,0,0,0,0,0,0,0.237160647,0,0,0,0,0,0,0.200219592,0,0,0,0,0.292613297,0,0,0.126337482,0,0,0,0,0,0,0,0,0,0,0,0,0,0,0,0,0,0,0,0,0,0,0,0,0,0,0,0,0,0,0,0,0,0.237160647,0,0,0.302772348,0,0,0,0,0,0,0,0,0,0,0,0,0,0,0,0,0.237160647,0,0,0,0,0,0,0,0,0,0,0,0,0,0,0,0,0,0.133453995,0,0,0,0,0,0,0.188327229,0,0,0,0,0,0,0,0,0,0,0,0,0,0,0,0,0,0,0,0,0,0,0,0,0,0,0,0,0.215551515,0,0,0.322781632,0,0,0,0,0,0,0,0,0,0,0.17039505,0,0.215551515,0,0,0,0,0,0,0,0,0,0.357220921,0,0,0,0.200219592,0,0,0,0,0,0,0.200219592,0,0,0,0,0,0,0.157001328,0,0,0,0,0,0,0,0,0,0,0,0,0,0,0,0,0,0,0.215551515,0,0,0,6
0,0,0,0,0,0,0,0,0,0,0,0,0,0,0,0,0,0,0,0,0,0.21388215,0,0,0,0,0,0,0,0,0,0,0.235323927,0,0,0,0,0,0,0.145173559,0,0,0,0,0,0,0.186868705,0,0,0,0,0,0,0,0,0.145173559,0,0,0,0,0,0,0,0,0,0,0,0,0,0,0,0,0,0,0.140572229,0,0,0,0,0.150213745,0,0,0,0,0,0,0,0,0,0,0,0,0,0,0,0.235323927,0,0,0,0,0.470647854,0,0.235323927,0,0,0,0,0,0,0,0,0,0,0,0.132420444,0,0,0,0,0,0,0,0,0,0,0,0,0,0,0,0,0,0,0,0,0,0,0,0,0,0.21388215,0,0,0,0,0,0,0,0,0,0,0,0,0.192169086,0,0.155785413,0,0,0.235323927,0,0,0,0,0,0,0,0.21388215,0,0,0,0.198668967,0,0,0,0,0,0,0,0,0,0,0,0,0,0,0,0,0,0,0,0,0,0,0,0.155785413,0.397337934,0,0,0,0,0,0,0,0,0,0,0,0,0,0,0,0,0,0,0,0,0,6
0,0,0,0.281235153,0,0,0.126881049,0,0,0,0.104065334,0,0,0,0,0,0,0,0,0,0,0,0,0,0,0,0,0,0,0,0,0,0,0,0,0,0,0,0,0.173496629,0,0,0,0,0,0,0,0,0,0,0.281235153,0,0,0,0,0,0,0,0,0,0,0,0,0,0,0,0,0,0,0,0,0,0,0,0,0,0,0,0,0.179520145,0.145984924,0,0,0,0,0,0,0,0,0,0,0,0,0,0,0,0,0,0,0,0,0,0,0,0,0,0,0,0,0,0,0,0,0,0,0,0,0,0,0.255610128,0,0,0,0,0,0,0,0,0,0,0,0,0,0,0,0.158255407,0,0,0,0,0,0,0,0,0.281235153,0,0,0,0,0,0,0,0,0.306214518,0.202061676,0,0,0,0,0,0,0,0,0,0,0,0,0,0,0,0,0,0,0.255610128,0,0,0,0,0,0,0,0,0,0,0,0,0,0,0,0,0,0,0,0,0.558536501,0,0,0,0,0,0,0,0,0,0,0,0,0,0,0,0.223326415,0,0,0,0,0,0,6
0,0,0,0,0,0,0,0,0,0,0.105074348,0.213857501,0,0,0,0,0,0,0,0,0,0,0,0,0,0,0,0,0,0,0,0,0,0.283961998,0,0,0,0,0,0,0,0,0,0,0,0,0,0,0,0,0,0,0,0,0,0,0,0,0,0,0,0,0,0,0,0,0.567923996,0,0,0,0,0,0,0,0,0,0,0,0,0,0,0,0,0.213857501,0,0,0,0,0,0,0,0,0,0,0,0,0,0,0,0,0,0,0,0,0,0,0,0,0,0,0,0,0,0,0,0,0,0,0,0.516177028,0,0,0,0,0,0,0,0,0,0,0,0,0,0,0,0,0,0,0,0,0,0,0,0.283961998,0,0,0,0,0,0,0,0,0,0,0,0,0,0,0,0,0,0,0,0,0,0,0,0,0,0,0,0,0,0.258088514,0,0,0,0,0,0,0,0,0,0,0,0,0,0,0,0,0,0,0,0,0,0,0,0,0,0,0.283961998,0,0,0,0,0,0,0,0,0,0,0,0,0,0,0,0,6
0,0,0,0,0,0,0,0,0,0,0.151275115,0,0,0.408818944,0,0,0,0,0,0,0,0,0,0,0,0,0,0,0,0,0,0,0,0,0,0,0,0,0,0,0,0,0,0,0,0,0,0,0,0,0,0,0,0,0,0,0,0,0,0,0,0,0,0,0,0,0,0,0,0,0,0,0,0,0.24421057,0,0,0,0,0,0,0,0,0,0,0,0,0,0,0,0,0,0,0,0,0,0,0,0,0,0,0,0,0,0,0,0,0,0,0,0,0,0,0,0.230048796,0,0,0,0,0,0,0,0,0,0,0.541279661,0,0,0,0,0,0,0,0,0,0,0,0,0,0,0,0,0,0,0,0,0,0,0,0,0,0,0,0.333847746,0,0,0,0,0,0,0,0,0,0,0,0,0,0,0,0,0,0,0,0,0,0,0,0,0,0,0,0,0,0,0,0,0,0,0,0,0,0,0,0,0.541279661,0,0,0,0,0,0,0,0,0,0,0,0,0,0,0,0,0,0,0,0,0,0,6
0,0,0,0,0,0,0,0,0,0,0,0,0,0,0,0,0,0,0,0,0,0,0,0,0,0,0,0,0,0,0,0,0,0,0,0,0,0,0,0,0,0,0,0,0,0,0,0,0,0,0,0,0,0,0,0,0,0,0,0,0,0,0.575568862,0.295995247,0.295995247,0,0,0,0,0,0,0,0,0,0,0,0,0,0,0,0,0,0,0,0,0,0,0,0,0,0,0,0,0,0,0,0,0,0,0,0,0,0,0,0,0,0,0,0,0,0.251904043,0,0,0,0,0,0,0,0,0,0,0,0,0,0,0.232103395,0,0,0,0,0,0,0,0,0,0,0,0,0,0,0,0,0,0,0,0,0,0,0.350607168,0,0,0,0,0.286311128,0,0,0,0,0,0,0,0,0,0,0,0,0,0,0,0,0,0.318661242,0,0,0,0,0.264049321,0,0,0,0,0,0,0,0,0,0,0,0,0,0,0,0,0,0,0,0,0,0,0,0,0,0,0,0,0,0,0,0,0,0,0,0,0,0,0,0,8
0,0,0,0,0.567025847,0,0,0,0,0,0,0,0,0,0,0,0,0,0,0,0,0,0,0,0,0,0,0,0.427038587,0,0,0,0,0,0,0,0,0,0,0,0,0,0,0,0,0,0,0,0,0,0,0,0,0,0,0,0,0,0,0,0,0,0.310283085,0,0,0,0,0,0,0,0,0,0,0,0,0,0,0,0,0,0,0,0,0,0,0,0,0,0,0,0,0,0,0,0,0,0,0,0,0,0,0,0,0,0,0,0,0,0,0,0,0,0,0,0.319074288,0,0,0,0,0,0,0,0,0,0,0,0,0,0,0,0,0,0,0,0,0,0,0,0,0,0,0,0,0,0,0,0,0,0,0,0,0,0,0.308694601,0,0,0,0,0,0,0,0,0,0,0,0,0,0,0,0,0,0,0,0,0,0,0,0,0,0,0,0,0,0,0,0,0,0,0,0,0,0,0,0,0,0,0,0,0.450270345,0,0,0,0,0,0,0,0,0,0,0,0,0,0,0,0,0,0,8
0,0,0,0,0,0,0.208401156,0,0,0,0,0.347886224,0,0,0,0,0,0,0,0,0,0,0,0,0,0,0,0,0,0,0,0,0,0,0,0,0,0,0,0,0,0,0,0,0,0,0,0,0,0,0,0,0,0,0,0,0,0,0,0,0,0,0.505543126,0,0,0,0,0,0,0,0,0,0,0,0,0,0,0,0,0,0.239779125,0,0,0,0,0,0,0,0,0.366811935,0,0,0,0,0,0,0,0,0,0,0,0,0,0,0,0,0,0,0,0,0,0.347886224,0,0,0,0,0,0,0,0,0,0,0,0,0,0,0,0,0,0,0,0,0,0,0,0,0,0,0,0,0,0,0,0,0,0,0,0,0,0,0,0,0,0.251477507,0,0.305797316,0,0,0,0,0,0,0,0,0.331884764,0,0,0,0,0,0,0,0,0,0,0,0,0,0,0,0,0,0,0,0,0,0,0,0,0,0,0,0,0,0,0,0,0,0,0,0,0,0,0,0,0,0,0,0,0,0,0,0,0,0,0,0,8
0,0,0,0,0,0,0,0.302901198,0,0,0.123318723,0,0,0,0,0,0,0,0,0,0,0,0,0,0,0,0,0,0,0,0,0,0,0,0,0,0,0,0,0,0,0,0,0,0,0,0,0,0,0,0,0,0,0,0,0,0,0,0,0,0,0,0.547102927,0,0,0,0,0,0,0,0,0,0,0,0,0,0,0,0,0,0,0,0,0.250990221,0,0,0,0,0,0,0,0,0,0,0,0,0,0,0,0,0,0,0,0,0,0,0,0,0,0,0.239445613,0,0,0,0.187534636,0,0,0,0,0,0,0,0,0,0,0,0,0,0,0,0,0,0,0,0.605802397,0,0,0,0,0,0,0,0,0,0,0,0,0,0,0,0,0,0,0.090717008,0,0,0,0,0,0,0,0,0,0,0,0,0,0,0,0,0,0,0,0,0,0,0.250990221,0,0,0,0,0,0,0,0,0,0,0,0,0,0,0,0,0,0,0,0,0,0,0,0,0,0,0,0,0,0,0,0,0,0,0,0,0,0,0,0,8
0,0,0,0,0,0,0,0,0,0,0,0.332790181,0,0,0,0.208391335,0,0,0,0,0,0,0,0,0,0,0,0,0,0,0,0,0,0,0,0,0,0,0,0,0,0,0,0,0,0,0,0,0,0,0,0,0,0,0,0,0,0,0,0,0,0,0,0,0,0,0,0,0,0,0,0,0,0,0.263960952,0.317483082,0,0,0,0,0,0,0,0,0,0,0,0,0,0,0,0,0,0,0,0,0,0,0,0,0,0,0,0,0,0,0,0,0.282065407,0,0,0,0,0,0,0,0,0,0.441881928,0,0,0,0,0,0,0.292527663,0,0,0,0,0,0,0,0,0,0.248653853,0,0,0,0,0,0,0.441881928,0,0,0,0,0,0,0,0,0,0,0.240564987,0,0,0,0,0,0,0,0,0,0,0,0,0,0,0,0,0,0,0,0,0,0,0,0,0,0,0,0,0,0,0,0,0,0,0,0,0,0,0,0,0,0,0,0,0,0,0,0,0,0,0,0,0,0,0,0,0,0,0,0,0,0,0,9
0,0,0,0,0,0,0.157239684,0,0,0,0,0,0,0,0,0.164364652,0,0,0,0,0,0,0,0,0,0,0,0,0,0,0,0,0,0,0,0,0,0,0,0,0,0,0,0,0,0,0,0,0,0,0,0,0,0,0,0,0,0,0,0,0,0,0,0.588476264,0,0,0,0,0,0,0,0,0,0,0.208194117,0,0,0,0,0,0,0,0,0,0,0,0,0,0,0,0,0,0,0,0,0,0,0,0,0,0,0,0,0,0,0,0,0,0.222473658,0,0,0,0,0.348525861,0,0,0,0,0,0,0,0,0,0,0,0.23072556,0,0,0,0,0,0.348525861,0,0,0,0,0,0,0,0,0,0,0,0,0,0,0,0,0,0,0,0,0,0.189741,0,0,0,0,0,0,0,0,0,0,0,0,0,0,0.316769575,0,0,0,0,0,0,0,0,0,0,0,0,0,0,0,0,0,0,0,0,0,0,0,0,0,0,0,0,0,0,0,0,0,0,0,0,0,0,0,0,0,0.276761387,0,0,0,0,0,0,9
0,0,0,0,0,0,0,0,0,0,0,0,0,0,0,0,0,0,0,0,0,0,0,0,0,0,0,0,0,0,0,0,0,0,0,0,0,0,0,0,0,0,0,0,0,0,0,0,0,0,0,0,0,0,0,0,0,0,0,0,0,0,0,0,0,0,0,0,0,0,0,0,0,0,0.269242603,0.323835669,0,0,0,0,0,0,0,0,0,0,0,0,0,0,0,0,0,0,0,0,0,0,0,0,0,0,0,0,0,0,0.450723638,0,0,0,0,0,0,0,0,0,0,0,0,0,0,0,0,0,0,0.596761823,0,0,0,0,0,0,0,0,0,0,0,0,0,0,0,0,0,0,0,0,0,0,0,0,0,0,0,0.245378503,0,0,0,0,0,0,0,0,0,0,0,0,0,0,0,0,0,0,0,0,0,0,0,0,0,0,0,0,0,0,0,0,0,0,0,0,0,0,0,0,0,0,0,0,0,0,0,0,0,0,0,0,0,0,0.450723638,0,0,0,0,0,0,0,0,9
0,0,0,0,0,0,0,0,0.366040992,0,0,0,0,0,0,0.172624781,0,0,0,0,0,0,0,0,0,0,0,0,0,0,0,0,0,0,0,0,0,0,0,0,0,0,0.194993132,0,0,0,0,0,0,0,0,0,0,0,0,0,0,0,0,0,0,0,0,0,0,0,0,0,0,0.218656891,0,0,0,0,0.218656891,0,0,0,0,0,0,0,0,0,0,0,0,0,0,0,0,0,0,0,0,0,0,0,0,0,0,0,0,0,0,0,0,0,0,0,0,0,0,0,0.205976975,0,0,0,0,0,0,0,0,0,0,0,0,0,0,0,0,0,0,0,0,0,0,0,0,0,0,0,0,0,0,0,0,0,0,0,0,0,0,0.199276415,0,0,0,0,0,0,0,0,0,0,0,0,0,0,0,0,0,0,0,0,0,0,0,0,0,0,0,0,0,0,0,0,0,0,0,0,0,0,0,0,0,0,0.732081983,0,0,0,0,0,0,0.290670001,0,0,0,0,0,0,0,0,0,0,0,0,0,9
0,0,0.653301798,0,0,0,0,0,0,0,0.160492992,0.326650899,0,0,0,0.409093902,0,0,0,0,0,0,0,0,0,0,0,0,0,0,0,0,0,0,0,0,0,0,0,0,0,0,0.23105171,0,0,0,0,0,0,0,0,0,0,0,0,0,0,0,0,0,0,0,0,0,0,0,0,0,0,0,0,0,0,0,0.259091425,0,0,0,0,0,0,0,0,0,0,0,0,0,0,0,0,0,0,0,0,0,0,0,0,0,0,0,0,0,0,0,0,0,0,0,0,0,0,0,0,0,0,0,0,0,0,0,0,0,0,0,0,0,0,0,0,0,0,0,0,0,0,0,0,0,0,0,0,0,0,0,0,0,0,0,0,0,0,0.236127067,0,0,0,0,0,0,0,0,0,0,0,0,0,0,0,0,0,0,0,0,0,0,0,0,0,0,0,0.311626184,0,0,0,0,0,0,0,0,0,0,0,0,0,0,0,0,0,0,0,0,0,0,0,0,0,0,0,0,0,0,0,0,0,0,0,9
0,0,0,0,0,0,0,0,0,0,0,0,0,0,0,0,0,0,0,0,0,0,0,0,0,0,0,0,0,0,0,0,0,0,0,0,0,0,0,0,0,0,0,0,0,0,0,0,0,0,0,0,0,0,0,0.304427362,0,0,0,0,0,0,0.270033406,0,0,0,0,0,0,0,0,0,0,0,0,0,0,0,0,0,0,0,0,0,0,0,0,0.448508525,0,0,0,0,0,0,0,0,0,0,0.294778425,0,0,0,0,0,0,0,0,0,0,0,0,0,0,0,0.27768422,0,0,0,0,0,0,0,0,0,0,0,0,0,0,0,0,0,0,0,0,0,0,0,0,0,0,0.493471697,0,0,0,0,0,0,0,0,0,0,0,0.268650978,0,0,0,0,0,0,0,0,0,0,0,0,0,0,0,0,0,0,0,0,0,0,0,0,0,0,0,0,0,0,0,0,0,0,0,0,0,0,0,0,0,0,0,0,0.391861627,0,0,0,0,0,0,0,0,0,0,0,0,0,0,0,0,0,0,10
0,0,0,0,0,0,0,0,0,0,0,0,0,0,0,0,0,0,0,0,0,0,0,0,0,0,0,0,0,0,0,0,0,0,0,0,0,0,0,0,0,0,0,0,0,0,0,0,0,0,0,0,0.496418886,0,0,0,0,0,0,0,0,0,0,0,0,0,0,0,0,0,0,0,0,0,0,0,0,0,0,0,0,0,0,0,0,0,0,0,0,0,0,0,0,0,0,0,0,0,0.593077894,0,0,0,0,0,0,0,0,0,0,0,0,0,0,0,0,0,0,0,0,0,0,0,0,0,0,0,0,0,0,0,0,0,0,0,0,0,0.496418886,0,0,0,0,0,0,0,0,0,0,0,0,0,0,0,0,0,0,0,0,0,0,0,0,0,0,0,0,0,0,0,0,0,0,0,0,0,0,0,0,0,0,0,0,0,0,0,0,0,0,0,0,0,0,0,0,0,0,0,0,0,0,0,0,0,0,0,0,0,0,0,0,0,0.394201966,0,0,0,0,0,0,10
0.456048075,0,0,0,0,0,0,0,0,0,0.168751292,0,0,0,0,0,0,0,0,0,0,0,0,0,0,0,0,0,0,0,0,0,0,0,0,0,0,0,0,0,0,0,0.242940667,0,0,0,0,0,0,0,0,0,0,0,0,0,0,0,0,0,0,0,0.499109536,0,0,0,0,0,0,0,0,0,0,0,0,0,0,0,0,0,0,0,0,0,0,0,0,0,0,0,0,0,0,0,0,0,0,0,0.272423189,0,0,0,0,0,0,0,0,0,0,0,0,0,0,0,0.256625364,0,0,0,0,0,0,0,0,0,0,0,0,0,0,0,0,0,0,0,0,0,0,0,0,0,0,0,0,0,0,0,0,0,0,0,0,0,0,0,0,0,0,0,0,0,0,0,0,0,0,0,0,0,0,0,0,0,0,0,0,0.456048075,0,0,0,0,0,0.327661167,0,0,0,0,0,0,0,0,0,0,0,0,0,0,0,0,0,0,0,0,0,0,0,0,0,0,0,0,0,0,0,0,0,0,0,10
0,0,0,0,0,0,0,0,0,0,0,0,0,0,0,0.204914571,0,0,0,0,0,0,0,0,0,0,0,0,0,0.434509649,0,0,0,0,0,0,0,0,0,0,0,0,0.231466965,0,0,0,0,0.394918864,0,0,0,0,0,0,0,0,0,0,0,0,0,0,0,0,0,0,0,0,0,0.259557075,0,0,0,0,0,0,0,0,0,0,0,0,0,0,0,0,0,0,0,0,0,0,0,0,0,0,0,0,0.519114149,0.327237969,0,0,0,0,0,0,0,0,0,0,0,0,0,0,0.244505357,0,0,0,0,0,0,0,0,0,0,0,0,0,0,0,0,0,0,0,0,0,0,0,0,0,0,0,0,0,0,0,0,0,0,0,0,0,0,0.236551444,0,0,0,0,0,0,0,0,0,0,0,0,0,0,0,0,0,0,0,0,0,0,0,0,0,0,0,0,0,0,0,0,0,0,0,0,0,0,0,0,0,0,0,0,0,0,0,0,0,0,0,0,0,0,0,0,0,0,0,0,0,0,0,10
0,0,0,0,0,0,0.140796972,0,0,0,0,0,0,0,0,0,0,0,0.283644662,0,0,0,0,0,0,0,0,0,0,0,0,0,0,0,0,0,0,0,0,0,0.526938708,0,0,0,0,0,0,0,0,0,0,0,0,0,0,0.192525206,0,0.31208016,0,0,0,0,0,0,0,0,0,0,0,0,0,0,0,0,0,0,0,0,0,0,0,0,0,0,0,0,0,0.283644662,0,0,0,0,0,0,0,0,0,0,0.372846097,0,0,0,0,0,0,0,0,0,0,0,0,0,0,0,0,0,0,0,0,0,0,0,0,0,0,0,0,0,0,0,0,0,0,0,0,0,0,0,0,0,0,0,0,0,0,0,0,0,0,0,0,0,0,0.169899593,0,0,0,0,0,0,0,0,0,0,0,0,0,0,0,0,0,0,0,0,0,0,0,0,0,0,0,0,0,0.31208016,0,0,0,0,0,0,0,0,0,0,0,0,0,0,0.24782017,0,0,0,0,0,0,0,0,0,0,0.283644662,0,0,0,0,0,0,0,10
0,0,0,0,0,0,0.177925409,0,0,0,0.145930913,0,0,0,0,0,0,0.313170833,0,0,0,0,0,0,0,0,0,0,0,0,0,0,0,0,0,0,0,0,0,0,0,0,0,0,0,0,0,0,0,0,0,0,0,0,0.394376309,0,0,0,0,0,0,0,0,0,0,0,0,0,0,0.235583171,0,0,0,0,0,0,0,0,0,0,0.204714791,0,0,0,0,0,0,0,0,0,0,0,0,0,0,0,0,0,0,0,0,0,0,0,0,0,0,0,0,0,0.283351271,0,0,0,0,0,0,0,0,0,0,0,0,0,0,0,0,0,0,0,0,0,0,0,0,0.443843401,0,0,0,0,0,0,0,0,0,0,0,0,0,0,0,0,0,0.214702448,0,0,0,0,0,0,0,0,0,0,0,0,0,0,0,0,0,0,0,0,0,0,0,0,0,0,0,0,0,0,0,0,0,0,0,0,0,0,0,0,0.522157494,0,0,0,0,0,0,0,0,0,0,0,0,0,0,0,0,0,0,0,0,0,0,6
0,0,0,0,0,0,0.247346928,0,0,0,0.202869073,0,0,0,0,0.258554905,0,0,0,0,0,0,0,0,0,0,0,0,0,0,0,0,0,0,0,0,0,0,0,0,0,0,0,0,0,0,0,0,0,0,0,0,0,0,0,0,0,0,0,0,0,0,0,0,0,0,0,0,0,0,0,0,0,0,0,0,0,0,0,0,0,0,0,0,0,0,0,0,0,0,0,0,0,0,0,0,0,0,0,0,0,0,0,0,0,0,0,0,0,0,0.393907013,0,0,0,0,0,0,0,0,0,0,0,0,0,0,0,0,0,0,0,0,0,0,0,0,0.308509341,0,0,0,0,0,0,0,0,0,0,0,0,0,0,0,0,0,0.447710007,0,0,0,0,0,0,0,0,0,0,0,0,0,0,0,0,0,0,0,0,0,0,0,0,0,0,0,0,0,0,0,0,0,0,0,0,0,0,0,0,0.362944372,0,0,0,0,0,0,0,0,0,0,0,0,0,0,0,0,0,0,0,0.49829648,0,0,6
0,0,0,0,0,0,0.167298206,0,0,0,0.13721469,0,0,0,0,0.174878953,0,0,0,0,0,0,0,0,0,0,0,0,0,0,0,0,0,0,0,0,0,0,0,0,0,0,0,0,0,0,0,0,0,0,0,0,0,0,0,0,0,0,0,0,0,0,0,0,0,0,0,0,0,0,0,0,0,0,0,0,0,0,0,0,0,0,0,0,0,0,0,0,0,0.294465634,0,0,0,0,0,0,0,0,0,0,0,0,0,0,0,0,0,0.313060356,0,0,0.266427148,0,0,0,0,0,0,0,0,0,0,0,0,0,0,0,0,0,0,0,0,0,0,0,0,0.208666668,0,0,0,0,0,0,0,0,0,0,0,0,0,0,0,0,0,0.40375722,0,0,0,0,0,0,0,0,0,0,0.266427148,0,0,0,0,0,0,0,0,0,0,0,0.279272641,0,0,0,0,0,0.370820836,0,0.337033121,0,0,0,0,0,0,0,0,0,0.245484926,0,0,0,0,0,0,0,0,0,0,0,0,0,0,0,0,0,0,0,0,0,0,6
0,0,0,0,0,0,0,0.350538451,0,0,0.142713051,0,0,0,0,0.363773133,0,0,0,0,0.701076901,0,0,0,0,0,0,0,0,0,0,0,0,0,0,0,0,0,0,0,0,0,0,0,0,0,0,0,0,0,0,0,0,0,0,0,0,0,0,0,0,0,0,0,0,0,0,0,0,0,0,0,0,0,0,0,0,0,0,0,0,0,0,0,0,0,0,0,0,0,0,0,0,0,0,0,0,0,0,0,0,0,0,0,0,0,0,0,0,0,0,0,0,0,0,0,0,0,0,0,0,0,0,0,0,0,0,0,0,0,0.20020071,0,0,0,0,0,0,0,0,0,0,0,0,0,0,0,0,0,0,0,0,0,0,0.209968133,0,0,0,0,0,0,0,0,0,0,0,0,0,0,0,0,0,0,0,0,0,0,0,0,0,0,0,0,0,0,0,0,0,0,0,0,0,0.385680081,0,0,0,0,0,0,0,0,0,0,0,0,0,0,0,0,0,0,0,0,0,0,0,0,0,6
0,0,0,0,0,0,0,0,0,0,0.130363613,0,0,0,0,0.166147313,0,0,0,0,0,0,0,0,0,0,0,0,0,0,0.320205185,0,0,0,0,0,0,0,0,0,0,0,0,0,0,0,0,0,0,0,0,0,0,0,0,0,0,0,0,0,0,0,0,0,0,0,0,0,0,0,0,0,0,0,0,0,0,0,0,0,0.365753345,0,0,0.265328664,0,0,0,0,0,0,0,0,0,0,0,0,0,0,0,0,0,0,0,0,0,0,0,0,0,0,0,0,0,0,0,0,0,0,0,0,0,0,0,0,0,0,0,0.320205185,0,0,0.182876672,0,0,0,0,0,0,0,0,0,0,0,0,0,0,0,0,0,0,0,0,0,0,0.287698332,0.253124542,0,0,0,0,0,0,0,0,0,0,0,0,0,0,0,0,0,0,0,0,0,0,0,0,0,0.297429371,0,0,0,0,0,0,0.297429371,0,0.434681682,0,0,0,0,0,0,0,0,0,0,0,0,0,0,0,0,0,0,0,0,0,0,0,0,0,0,0,7
0,0,0,0,0,0,0.183345804,0,0,0,0.150376614,0,0,0,0,0,0,0,0,0,0,0,0,0,0,0,0,0,0,0,0,0,0,0,0,0,0,0,0,0,0,0,0,0,0,0,0,0,0,0,0,0,0,0,0,0,0,0,0,0,0,0,0,0,0,0,0,0,0,0,0,0,0,0,0,0,0,0,0,0,0,0,0,0.306061064,0,0,0,0,0,0,0,0,0,0,0,0,0,0,0,0,0,0,0,0,0,0,0,0.686179536,0,0,0,0,0,0,0,0,0,0,0,0,0,0,0,0,0,0,0,0,0,0,0,0,0,0,0,0,0,0,0,0,0,0,0,0,0,0,0,0,0,0,0,0,0,0.221243234,0,0,0.406390755,0,0,0,0,0,0,0,0,0,0,0,0,0,0,0,0,0,0,0,0,0,0,0,0,0,0,0,0,0,0,0,0,0,0,0,0,0,0,0,0,0,0,0.406390755,0,0,0,0,0,0,0,0,0,0,0,0,0,0,0,0,0,7
0,0,0,0,0,0,0,0,0,0,0.114106425,0,0,0,0,0.290855333,0,0,0,0,0,0,0,0,0,0,0,0,0,0,0,0,0,0,0,0,0,0,0,0,0,0,0,0,0,0,0,0,0,0,0,0,0,0,0,0,0,0,0,0,0,0,0,0,0,0,0,0,0,0,0,0,0,0,0,0,0,0,0,0,0,0,0,0,0,0,0,0,0,0,0,0,0,0,0,0,0,0.308371064,0,0,0,0,0,0,0,0,0,0,0.196841745,0,0,0,0,0,0,0,0,0,0,0,0,0,0,0,0,0,0,0,0,0,0.160070766,0,0,0,0,0,0,0,0,0,0,0,0,0,0,0,0,0,0,0.616742128,0,0,0,0.167880323,0.221558271,0,0,0,0,0,0,0,0,0.308371064,0,0,0,0.308371064,0,0,0,0,0,0,0,0,0,0,0,0,0,0,0,0,0,0,0,0,0,0,0,0,0,0,0,0,0,0,0,0,0,0,0,0,0,0,0,0,0,0,0,0,0,0,0,0.308371064,0,7
0,0,0,0,0,0,0,0,0,0,0,0,0,0,0,0,0,0,0,0,0,0,0,0,0,0,0,0,0,0,0,0,0,0,0,0,0,0,0,0,0,0,0,0,0,0.430743323,0,0,0,0,0,0,0,0,0,0,0,0,0,0,0,0,0,0,0,0,0,0,0,0.257307236,0,0,0,0,0,0,0,0,0,0,0.447184717,0,0.39149571,0,0,0,0,0,0,0.342049566,0,0,0,0,0,0,0,0,0,0,0,0,0,0,0,0,0,0.363649086,0,0,0,0,0,0,0,0,0,0,0,0,0,0,0,0,0,0,0,0,0,0,0.223592359,0,0,0,0,0,0,0,0,0,0,0,0,0,0,0,0,0,0,0,0,0,0,0,0,0,0,0,0,0,0,0,0,0,0.309480223,0,0,0,0,0,0,0,0,0,0,0,0,0,0,0,0,0,0,0,0,0,0,0,0,0,0,0,0,0,0,0,0,0,0,0,0,0,0,0,0,0,0,0,0,0,0,0,0,0,0,0,0,7
0,0,0,0,0,0,0,0,0,0,0.162178197,0,0,0,0,0,0,0,0,0,0,0,0,0,0,0,0,0,0,0,0,0,0,0,0,0,0,0,0,0,0,0,0.233477793,0,0,0,0,0,0,0,0,0,0,0,0,0,0,0,0,0,0,0,0.239834266,0,0,0,0,0,0,0,0,0,0,0,0,0,0,0,0,0,0.455013609,0,0,0,0,0,0,0,0,0,0,0,0,0,0,0,0,0,0,0,0,0,0,0,0,0,0,0,0,0,0.314898313,0.33008079,0,0,0,0,0,0,0,0,0,0,0,0,0,0,0,0,0,0,0.227506804,0,0,0,0,0,0,0,0,0,0,0,0,0,0,0,0,0,0,0,0,0,0,0,0,0,0,0,0,0,0,0,0,0,0,0,0,0,0,0,0,0,0,0,0,0,0,0.39834965,0,0,0,0.314898313,0,0,0,0,0,0,0,0,0,0,0.370015513,0,0,0,0,0,0,0,0,0,0,0,0,0,0,0,0,0,0,0,0,0,0,0,0,8
0,0,0,0,0,0,0,0,0,0,0.143571464,0,0,0,0,0,0,0,0,0,0,0,0,0,0,0,0,0,0,0,0,0,0,0,0,0,0,0,0,0,0,0,0.206690845,0,0,0,0.308107406,0,0,0,0,0,0,0,0,0,0,0,0,0,0,0,0,0,0,0,0,0,0,0,0,0,0,0,0,0,0,0,0,0,0.201404909,0,0,0,0,0,0,0,0,0,0,0,0,0,0.308107406,0,0,0,0,0,0,0,0,0,0,0,0,0,0,0,0,0.292210564,0,0,0,0,0,0,0,0,0,0,0,0,0,0,0.387999931,0,0,0,0.201404909,0,0,0,0,0,0,0,0,0,0,0,0,0,0,0,0,0,0,0,0,0,0,0.105615542,0,0.256857558,0,0,0,0,0,0,0,0,0,0,0,0,0,0,0,0,0,0,0,0,0,0.352646926,0,0,0,0.278769975,0,0,0,0,0.387999931,0,0,0,0,0,0,0,0,0,0,0,0,0,0,0,0,0,0,0,0,0,0,0,0,0,0,0,0,0,0,8
0,0,0,0,0,0,0,0,0,0,0,0,0,0,0,0,0,0.280982091,0,0,0,0,0,0,0,0,0,0,0,0,0,0,0,0,0,0,0,0,0,0,0,0,0,0,0,0,0,0,0,0,0,0,0,0,0,0,0,0,0,0,0,0,0,0,0,0,0,0,0,0.211369148,0,0,0,0,0,0,0,0,0,0,0.367347045,0,0,0,0,0,0,0,0,0,0,0,0,0,0.280982091,0,0,0,0,0,0,0,0,0,0,0,0,0,0,0,0,0.532969566,0,0,0,0,0,0,0,0,0,0,0,0,0,0,0,0,0,0,0.183673522,0,0,0,0,0,0,0,0,0,0,0,0,0,0,0,0,0,0,0,0,0,0,0,0,0.468488407,0,0,0,0,0,0,0,0,0,0,0,0,0,0,0,0,0,0,0,0,0,0,0,0,0,0,0,0,0,0,0,0,0,0,0,0,0,0,0,0,0,0,0,0,0,0,0,0,0,0.353840998,0,0,0,0,0,0,0,0,0,0,0,8
0,0,0,0,0,0.244885812,0,0,0,0,0.099699195,0,0.489771625,0,0,0,0,0.213956587,0,0,0,0,0,0,0,0,0,0,0,0,0.244885812,0,0,0,0,0,0,0,0,0,0,0,0,0,0,0,0.213956587,0,0,0,0,0,0,0,0,0,0,0,0,0,0,0,0,0,0,0,0,0,0,0,0,0,0,0,0,0,0,0,0.26943572,0,0,0,0,0,0,0,0,0,0,0,0,0,0,0,0,0,0,0,0,0,0,0,0,0,0,0,0,0,0,0,0,0,0,0,0,0,0.26943572,0,0,0,0,0,0,0,0.26943572,0,0,0,0,0,0.139860016,0,0,0,0,0,0,0.26943572,0,0,0,0,0,0,0,0,0,0,0,0,0,0,0,0,0,0.17836756,0,0,0,0,0,0,0,0,0,0,0,0,0,0,0,0,0.227467376,0,0.26943572,0,0,0,0,0,0,0,0,0,0,0,0,0,0,0,0,0,0,0,0,0,0,0,0,0,0,0,0,0,0.26943572,0,0,0,0,0,0,0,0,0,0,0,0,8
0,0,0.296094386,0,0,0,0,0,0,0,0,0,0,0,0,0.185412635,0,0,0,0,0,0,0,0,0.312202517,0,0,0,0,0,0,0,0,0,0,0,0,0,0,0,0.331917275,0,0.20943801,0,0,0,0,0,0,0,0,0,0,0.357334019,0,0,0,0,0,0,0,0,0,0,0,0,0,0,0,0,0,0,0,0,0.469709508,0,0,0,0,0,0,0,0,0,0,0,0,0,0,0,0,0,0,0,0,0,0,0,0,0,0,0,0,0,0,0,0,0,0.250962884,0,0,0,0,0,0,0,0,0,0,0,0,0,0,0,0,0,0,0.357334019,0,0,0.204081818,0,0,0,0,0,0,0,0,0,0,0,0,0,0,0,0,0,0,0,0,0,0,0.214038593,0,0,0,0,0,0,0,0,0,0,0,0,0,0,0,0,0,0,0,0,0,0,0,0,0,0,0,0,0,0,0,0,0,0,0,0,0,0,0,0,0,0,0,0,0,0,0,0,0,0,0,0,0,0,0,0,0,0,0,0,0,0,0,9
0,0,0,0,0,0,0,0,0,0,0,0,0,0,0,0.188949313,0,0,0,0,0,0,0,0,0,0,0,0,0,0,0,0,0,0,0,0,0,0,0,0,0,0,0,0,0,0,0,0,0,0,0,0,0,0,0,0,0,0,0,0,0,0,0,0.676496951,0,0,0,0,0,0,0,0,0,0,0.239334523,0,0,0,0,0,0,0,0,0,0,0,0,0,0,0,0.400656232,0,0,0,0,0,0,0,0,0,0,0,0,0,0,0,0,0,0.25574991,0,0,0,0,0,0,0,0,0,0,0,0,0,0.364150035,0,0,0,0,0,0,0,0.207974604,0,0,0,0,0,0,0,0,0,0,0,0,0,0,0,0,0,0,0,0,0,0,0.218121301,0,0,0,0,0,0,0,0,0,0,0,0,0,0,0,0,0,0,0,0,0,0,0,0,0,0,0,0,0,0,0,0,0,0,0,0,0,0,0,0,0,0,0,0,0,0,0,0,0,0,0,0,0,0,0,0,0,0,0,0,0,0,0,9
0,0,0,0,0,0,0.148153921,0,0,0,0.121512925,0,0,0,0,0.154867187,0,0,0,0,0,0,0,0,0,0,0,0,0,0,0,0,0,0,0,0,0,0,0,0,0,0,0.174934548,0,0,0,0,0,0,0,0,0,0,0,0,0,0,0,0,0,0,0,0,0,0,0,0,0,0,0.196164059,0,0.656774058,0,0,0,0,0,0,0,0,0,0,0,0,0,0,0.328387029,0,0,0,0,0,0,0,0.260769314,0,0,0,0,0,0,0,0,0,0,0,0,0,0,0,0,0,0,0,0,0,0,0.328387029,0,0,0,0,0,0,0,0,0,0,0,0,0,0,0,0,0,0.184788503,0,0,0,0,0,0,0,0,0,0,0,0,0,0,0,0,0,0.178777217,0,0,0,0,0,0,0,0,0,0,0,0.298465713,0,0,0,0,0,0,0,0,0,0,0,0,0,0,0,0,0,0,0,0,0,0,0,0,0,0,0,0,0,0,0,0,0,0,0,0,0,0,0,0,0,0,0,0,0,0,0,0,0,0,0,9
0,0,0,0,0,0,0,0,0,0,0,0,0,0,0,0,0,0,0,0,0,0.330351416,0,0,0,0,0,0,0,0,0,0,0,0,0,0,0,0,0,0,0,0,0.193623164,0,0,0,0,0.330351416,0,0,0,0,0,0,0,0.224227645,0,0,0,0,0,0,0,0,0,0,0,0.363469288,0,0,0,0,0,0,0,0,0,0,0,0,0,0,0,0,0,0,0,0,0,0,0,0,0,0,0,0,0,0,0,0,0,0,0,0,0.363469288,0,0,0,0,0,0,0,0,0,0,0,0,0,0,0,0.363469288,0,0,0,0,0,0,0,0,0,0.188671422,0,0,0,0,0.204529837,0,0,0,0,0,0,0,0,0,0,0,0,0,0,0,0,0,0.29681453,0,0,0,0,0,0,0.363469288,0,0,0,0,0,0,0,0,0,0,0,0,0,0,0,0,0,0,0,0,0,0,0,0,0,0,0,0,0,0,0,0,0,0,0,0,0,0,0,0,0,0,0,0,0,0,0,0,0,0,0,0,0,0,0,0,9
0,0,0,0,0,0,0,0,0,0,0.180050472,0,0,0,0,0,0,0,0,0,0,0,0,0,0,0,0,0,0,0,0,0,0,0,0,0,0,0,0,0,0,0,0.259207388,0,0,0,0,0,0,0,0,0,0,0,0,0,0,0,0,0,0,0,0.266264353,0,0,0,0,0,0,0,0,0,0,0,0,0,0,0,0,0,0,0,0,0,0,0,0,0,0,0,0,0,0,0,0.38639213,0,0,0,0,0,0,0,0,0,0,0,0,0,0,0.442248366,0,0,0,0,0,0,0,0,0,0,0,0.38639213,0,0,0,0,0,0,0,0,0.252578388,0,0,0,0,0,0,0,0,0,0,0,0,0,0,0,0,0,0,0,0,0,0,0,0,0,0,0,0,0,0,0,0,0,0,0,0,0,0,0,0,0,0,0,0,0,0,0,0,0,0,0.349600569,0,0,0,0,0,0,0,0,0,0,0,0,0,0,0,0,0,0,0,0,0,0,0,0,0,0,0,0,0.38639213,0,0,0,0,0,0,9
0,0,0,0,0,0.334909094,0,0,0,0,0,0,0,0,0,0,0,0.292609873,0.334909094,0,0,0,0,0,0.292609873,0,0,0,0,0,0,0,0,0,0,0,0,0,0,0,0,0,0.196294476,0,0,0,0,0,0,0,0,0,0,0,0,0.227321191,0,0,0,0,0,0,0,0,0,0,0,0,0,0,0.334909094,0,0,0,0,0,0,0,0,0,0,0,0,0,0,0,0,0,0,0,0,0,0,0,0,0,0,0,0.440232324,0,0,0,0,0,0,0,0,0,0,0.334909094,0,0,0,0,0,0,0,0,0,0,0,0,0,0,0,0,0,0,0,0,0.191274418,0,0,0,0,0,0,0,0,0,0,0,0,0,0,0,0,0,0,0,0,0,0,0,0,0.243937848,0,0,0,0,0,0,0,0,0,0,0,0,0,0,0,0,0,0,0,0,0,0,0,0,0,0,0,0,0,0,0,0,0,0,0,0,0,0,0,0,0,0,0,0,0,0,0,0,0,0,0,0,0,0,0,0,0,0,0,0,0,10
0,0,0,0,0,0,0,0,0,0,0.180126222,0,0,0,0,0,0,0,0,0,0,0,0,0,0,0,0,0,0.366610352,0,0,0,0,0,0,0,0,0,0,0,0,0,0,0,0,0,0,0,0,0,0,0,0,0,0,0,0,0,0.486788668,0,0,0,0,0,0,0,0,0,0,0,0,0,0,0,0,0,0,0,0,0,0.252684652,0.442434427,0,0,0,0,0,0,0,0,0,0,0,0,0,0,0,0,0,0,0,0,0,0,0,0,0,0,0,0,0,0,0,0,0,0,0,0,0,0,0,0,0,0,0,0,0,0,0,0,0.252684652,0,0,0,0,0,0,0,0,0,0,0,0,0,0,0,0,0,0,0,0,0,0,0,0,0.322256111,0,0,0,0,0,0,0,0,0,0,0,0,0,0,0,0,0.410964593,0,0,0,0,0,0,0,0,0,0,0,0,0,0,0,0,0,0,0,0,0,0,0,0,0,0,0,0,0,0,0,0,0,0,0,0,0,0,0,0,0,0,0,0,10
0,0,0,0,0,0,0.175264734,0,0,0,0.143748679,0,0,0,0,0,0,0,0,0,0,0,0,0,0,0,0,0,0,0,0,0,0,0,0,0,0,0,0,0.239656283,0,0,0,0,0,0,0,0,0,0,0,0,0,0,0,0,0.388478853,0,0,0,0,0,0,0,0.327967892,0,0,0,0,0,0,0,0,0,0,0,0,0,0,0.247976753,0,0,0,0,0,0,0,0,0,0,0,0,0,0,0,0,0,0,0,0.585142499,0,0,0,0,0,0,0,0,0,0,0,0,0,0,0,0.388478853,0,0,0,0,0,0,0,0,0,0,0,0,0,0,0,0,0,0,0,0,0,0,0,0,0,0,0,0,0,0,0,0,0,0,0,0,0,0,0.27911407,0,0,0,0,0,0,0,0,0,0,0,0,0,0,0,0,0,0,0,0,0,0,0,0,0,0,0,0,0,0,0,0,0,0,0,0,0,0,0,0,0,0,0,0,0,0,0,0,0,0,0,0,0,0,0,0,0,0,0,0,0,0,10
0,0,0,0,0,0,0,0,0,0,0.190482651,0,0,0,0,0,0,0,0,0,0,0,0,0,0,0,0,0,0,0,0,0,0,0,0,0,0,0,0,0,0,0,0,0,0,0,0,0,0,0,0,0,0,0,0,0,0,0,0,0,0,0,0.563383582,0,0.434593165,0,0,0,0,0,0,0,0,0,0,0,0,0,0,0,0,0,0,0,0,0,0,0,0,0,0,0,0,0,0,0,0,0,0,0,0,0,0,0,0,0,0,0,0,0,0,0,0,0,0,0,0,0,0,0,0,0,0,0,0,0,0,0,0,0,0,0,0,0,0,0,0,0,0,0,0,0,0,0,0,0,0,0,0,0,0,0,0,0.140124839,0,0,0,0,0,0,0,0,0,0,0,0,0,0,0.46787237,0,0,0.46787237,0,0,0,0,0,0,0,0,0,0,0,0,0,0,0,0,0,0,0,0,0,0,0,0,0,0,0,0,0,0,0,0,0,0,0,0,0,0,0,0,0,0,0,0,0,8
