next,id,drop,course,reimbursement,semester,regard,card,take,clicker,offer,remote,know,registration,room,wifi,session,require,issue,discus,detail,fc,help,cancellation,guest,major,internet,timetable,math,connect,lose,add,provide,book,world,quiz,fest,event,meet,common,projector,login,list,meeting,speaker,timing,attach,reimburse,work,cancel,Target_Class
0,0,0,0,0,0,0,0,0,0,0,0,0,0,0.431209816,0.485136665,0,0,0,0,0,0,0.234842771,0,0,0,0,0,0,0,0,0,0,0,0,0,0,0,0,0,0,0,0,0,0,0,0,0,0.462530464,0,1
0,0,0,0,0,0,0,0,0,0,0,0,0,0,0,0.570170649,0,0,0,0,0,0,0.276005639,0,0,0,0,0,0,0,0,0,0,0,0,0,0,0,0,0,0,0,0,0,0,0,0,0,0,0,1
0,0,0,0,0,0,0,0,0,0,0,0,0,0,0,0.604268316,0,0,0,0,0,0,0.292511484,0,0,0,0,0,0,0,0,0,0,0,0,0,0,0,0,0,0,0,0,0,0,0,0,0,0.288055433,0,1
0,0,0,0,0,0,0,0,0,0,0,0,0,0,0,0.470837675,0,0,0,0,0,0,0.227920981,0,0,0,0,0,0,0,0,0,0,0,0,0,0,0,0,0,0,0,0,0,0,0,0,0,0,0,1
0,0,0,0,0,0,0,0,0,0,0,0,0,0,0,0,0,0,0.226921021,0,0,0,0,0,0,0,0.56335504,0,0,0,0,0,0,0,0,0,0,0,0,0,0,0,0,0,0,0,0,0,0.208909016,0,1
0,0,0,0,0,0,0,0,0,0.482876738,0,0,0,0,0.18679292,0,0,0,0,0,0,0,0,0,0,0,0,0,0,0,0,0,0.221735357,0,0,0,0,0,0,0,0,0,0,0,0,0,0,0,0,0,1
0,0,0,0,0,0,0,0,0,0,0,0.649441561,0,0,0,0,0,0.311819748,0,0,0,0,0,0,0,0,0,0,0,0,0,0,0.246983224,0,0,0,0,0,0,0,0.251865144,0,0,0,0,0,0,0,0,0,1
0,0,0,0,0,0,0,0,0,0,0,0.535650224,0,0,0,0,0,0.257184523,0,0,0,0,0,0,0,0,0,0,0,0,0,0,0,0,0,0,0,0,0,0,0.415469625,0,0,0,0,0,0,0,0,0,1
0,0,0,0,0,0,0,0,0,0.515198327,0,0,0,0,0,0,0,0.597364303,0,0,0,0,0.217078656,0,0,0,0,0,0,0,0,0,0,0,0,0,0,0,0,0,0,0,0,0,0,0,0,0,0,0,1
0,0,0,0,0,0,0,0,0,0,0,0.501415838,0,0,0,0,0,0,0,0,0,0,0,0,0,0,0,0,0,0,0,0,0.190688906,0,0,0,0,0,0,0,0.194458101,0,0,0,0,0,0,0,0,0,1
0,0,0,0,0,0,0,0,0,0,0,0,0,0,0.232913804,0,0,0,0,0,0,0,0.253696095,0,0,0,0,0,0,0,0,0,0,0,0,0,0,0,0,0,0.563897771,0,0,0,0,0,0,0,0.499662697,0,1
0,0,0,0,0,0,0,0,0,0,0,0,0,0,0.189944719,0,0,0,0.221307673,0,0,0,0,0,0,0,0,0,0,0,0,0,0,0,0,0,0,0,0,0,0,0,0,0,0.592890353,0,0,0,0.203741231,0,1
0,0,0,0,0,0,0,0,0,0,0,0,0,0,0,0,0,0.515248712,0,0,0,0,0,0,0,0,0,0,0,0,0,0,0,0,0,0.248612481,0,0,0,0,0,0,0,0,0,0,0,0,0,0,1
0.221142158,0,0,0,0,0,0,0,0,0,0,0,0,0,0.342180819,0,0,0.256410831,0,0,0,0,0,0,0,0,0,0,0,0,0,0,0.203095455,0,0,0,0,0.211421934,0,0,0,0,0,0,0,0,0,0,0,0,1
0,0,0,0,0,0,0,0,0,0,0,0,0,0,0,0,0,0,0.223105129,0,0,0,0,0,0,0,0,0,0,0,0,0,0,0,0,0,0,0,0,0,0,0,0,0,0.597705796,0,0,0,0.205396013,0,1
0,0,0,0,0,0,0,0,0,0,0,0,0,0,0,0,0,0,0,0,0,0,0.187260588,0,0,0,0,0,0,0.222215172,0,0,0,0,0,0,0,0.212447784,0,0,0.416229615,0,0,0,0,0,0,0,0,0,1
0,0.453433665,0,0,0,0,0,0.463422267,0,0,0,0,0,0,0,0,0,0,0,0,0,0,0,0,0,0,0,0,0,0,0.171340207,0,0,0,0,0,0,0,0,0,0,0,0,0,0,0,0,0,0,0,1
0,0.554479029,0,0,0,0,0,0.377795693,0,0,0,0,0,0,0,0,0,0,0,0,0,0,0,0,0,0,0,0,0,0,0.419044984,0,0,0,0,0,0,0,0,0,0,0,0,0,0,0,0,0,0,0,1
0,0.380156764,0,0,0,0,0,0.388531163,0,0,0,0,0,0,0,0,0,0,0,0,0,0,0,0,0,0,0,0,0,0,0.215476298,0,0,0,0,0,0,0,0,0,0,0,0,0,0,0,0,0,0,0,1
0,0.431045937,0,0,0,0,0,0.440541363,0,0,0,0,0,0,0,0,0,0,0.203206892,0,0,0,0,0,0,0,0,0,0,0,0.244320743,0,0,0,0,0,0,0,0,0,0,0,0,0,0,0,0,0,0,0,1
0,0,0,0,0,0,0,0,0,0,0,0,0,0,0,0.406345502,0,0,0,0,0.643110789,0,0,0,0,0,0,0,0,0,0,0,0.214370263,0,0,0,0,0,0,0,0,0.446317969,0,0,0,0,0,0,0,0,1
0,0,0,0,0,0,0,0,0,0,0,0,0,0,0,0,0,0,0,0,0.188923504,0,0.173352459,0,0,0,0.230175004,0,0,0,0,0,0,0,0,0,0,0,0,0,0,0.196668963,0,0,0,0,0,0,0,0,1
0,0,0,0,0,0,0,0,0,0,0,0,0,0,0,0.535578011,0,0,0,0,0.376730306,0,0,0,0,0,0,0,0,0,0,0,0.188365153,0,0,0,0,0,0,0,0,0,0,0,0,0,0,0,0.170207121,0,1
0,0,0,0,0,0,0,0,0,0,0,0,0,0,0,0.33656489,0,0,0,0,0.532671116,0,0,0,0,0,0,0,0,0,0,0,0.177557039,0,0,0,0,0,0,0,0,0.369672994,0,0,0,0,0,0,0,0,1
0,0,0,0,0,0,0,0,0,0,0,0,0,0,0,0.48860017,0,0,0,0,0.515528517,0,0,0,0,0,0.314047157,0,0,0,0,0,0.257764258,0,0,0,0,0,0,0,0,0.268332041,0,0,0,0,0,0,0,0,1
0,0,0.617600544,0.181042474,0,0,0,0,0,0,0,0,0,0,0,0,0,0,0,0,0,0.273430521,0,0,0,0,0,0,0,0,0,0,0,0,0,0,0,0,0,0,0,0,0,0,0,0,0,0,0,0,2
0,0,0.693198427,0.406406243,0,0,0,0,0,0,0,0,0,0,0,0,0,0,0,0,0,0.2046,0,0,0,0,0,0,0,0,0,0,0,0,0,0,0,0,0,0,0,0,0.20828581,0,0,0,0,0,0,0,2
0,0,0.555612101,0.325742555,0,0.227140263,0,0,0,0,0,0,0,0,0,0,0,0,0,0,0,0,0,0,0,0,0,0,0,0,0,0,0,0,0,0,0,0,0,0,0,0,0,0,0,0,0,0,0,0,2
0,0,0,0.099828614,0,0,0,0,0,0,0,0,0,0,0,0,0,0,0,0,0,0.150772298,0,0,0,0,0,0,0,0,0,0.179266028,0,0,0.190525481,0,0,0,0,0,0,0,0,0,0,0,0,0,0,0,2
0,0,0,0.421875994,0,0,0,0,0,0,0,0,0,0.351555299,0,0,0,0,0,0,0,0,0,0,0,0,0,0,0.201290301,0,0,0,0,0,0,0,0,0,0,0,0,0,0.162160618,0,0,0,0,0,0,0,2
0,0,0,0.294420479,0,0,0,0,0,0,0,0,0,0.245344796,0,0,0,0,0,0,0,0,0,0,0,0,0,0,0,0,0,0,0,0,0,0,0,0,0,0,0,0,0,0,0,0,0,0,0,0,2
0,0,0,0.12511493,0,0.174485265,0.231287207,0,0,0,0.208520121,0,0.334614704,0,0,0,0,0,0,0,0,0.18896251,0,0,0,0,0,0,0,0,0,0,0,0,0,0,0,0,0,0,0,0,0,0,0,0,0,0,0,0,2
0.422913156,0,0,0.371916338,0,0.345782986,0,0,0,0,0.206615469,0,0.165779144,0,0,0,0,0,0,0,0,0,0,0,0,0.222621426,0,0,0,0,0,0,0,0,0,0,0,0,0,0,0,0,0.190609512,0,0,0,0,0,0,0,2
0.249413263,0,0,0.292450483,0,0.203925703,0,0,0,0,0,0,0,0,0,0,0,0,0,0,0,0,0,0,0,0,0,0,0,0,0,0,0,0,0,0,0,0,0,0,0,0,0.449648253,0,0,0,0,0,0,0,2
0.155564957,0,0,0.182408289,0,0.127193289,0,0,0,0,0,0,0,0,0,0,0,0,0,0,0,0,0,0,0,0.163778742,0,0,0.17406546,0,0,0,0,0,0,0,0,0,0,0,0,0,0.14022813,0,0,0,0,0,0,0,2
0,0,0,0.138996236,0,0.193844133,0,0,0,0,0,0,0,0.463310205,0,0,0,0,0,0,0,0,0,0,0,0,0,0,0,0,0,0,0,0,0,0,0,0,0,0,0,0,0,0,0,0.217735327,0,0,0,0,2
0,0,0,0,0,0,0,0,0,0,0,0,0,0,0,0,0,0,0,0,0,0.219248354,0,0,0,0,0,0.287099112,0.27705619,0,0,0,0,0,0,0,0,0,0,0,0,0,0,0,0,0.682208213,0,0,0,0,2
0,0,0,0.286335747,0,0,0,0,0,0,0,0,0,0,0,0,0,0,0,0,0,0,0,0,0,0,0,0.283144151,0,0,0,0,0,0,0,0,0,0,0,0,0,0,0,0,0,0.448540259,0,0,0,0,2
0,0,0,0.186358702,0,0,0,0,0,0,0,0,0,0,0,0,0,0,0,0,0,0,0,0,0,0,0,0,0,0,0,0,0,0,0.355670384,0,0,0,0,0,0,0,0,0,0,0.583855709,0,0,0,0,2
0,0,0,0.219599292,0,0,0,0,0,0,0,0,0.146827306,0.365990461,0,0,0,0,0,0,0,0,0.157823189,0,0,0,0,0,0,0,0,0,0,0,0,0,0,0.179050952,0,0,0,0,0,0,0,0.171999348,0,0,0,0,2
0,0,0,0.158673356,0,0,0,0,0,0,0,0,0,0.528899106,0,0,0,0,0,0,0,0,0,0,0,0,0,0,0,0,0,0,0,0,0,0,0,0,0,0,0,0,0,0,0,0,0,0,0,0,2
0,0,0,0,0,0,0,0,0,0,0,0,0,0,0.35126027,0,0,0,0,0,0,0,0,0,0,0,0,0,0,0,0,0,0,0.541233259,0,0.508014068,0,0,0,0,0,0,0,0,0,0,0,0,0,0,3
0,0,0,0,0,0,0,0,0,0,0,0,0,0,0.186853363,0,0,0,0,0,0,0,0,0,0,0,0,0,0,0,0,0,0,0.19193983,0,0,0,0.461801448,0,0,0,0,0,0,0,0,0,0,0,0,3
0,0,0,0,0,0,0,0,0,0,0,0,0,0,0.198617064,0,0,0,0,0,0,0,0,0,0,0,0,0,0,0,0,0,0,0.408047518,0,0,0,0.490875017,0,0,0,0,0,0,0,0,0,0,0,0,3
0,0,0,0,0,0,0,0,0,0,0,0,0,0,0,0,0,0,0,0,0,0,0,0,0,0,0,0,0,0,0,0,0,0.30426906,0,0,0,0.183015548,0,0,0,0,0,0,0,0,0,0,0,0,3
0,0,0,0,0.352194718,0,0,0,0,0,0,0,0,0,0,0,0,0,0,0,0,0,0,0,0,0,0,0,0,0,0,0,0,0,0,0,0,0.336714126,0,0,0,0,0,0,0,0,0,0,0,0,3
0,0,0,0,0.411469606,0,0,0,0,0,0,0,0.161293348,0,0,0,0,0,0,0,0,0,0,0,0,0,0,0,0,0,0,0,0,0,0,0.460403473,0,0,0,0,0,0,0,0,0,0,0,0,0,0,3
0,0,0,0,0.362520374,0,0,0,0,0,0,0,0,0,0,0,0,0,0,0,0,0,0,0,0,0,0,0,0,0,0,0,0,0,0,0,0,0,0,0,0,0,0,0,0,0,0,0,0,0,3
0,0,0,0,0.346572548,0,0,0,0,0,0,0,0.135854133,0,0,0,0,0,0,0,0,0,0,0,0,0,0,0,0,0,0,0,0,0,0,0,0,0,0,0,0,0,0,0,0,0,0,0,0,0.162290627,3
0,0,0,0,0,0,0,0,0,0,0,0,0,0,0,0,0,0,0,0.176307295,0,0,0,0,0,0,0,0,0,0,0,0,0,0,0,0,0.40441365,0,0.181497146,0,0,0,0,0,0,0,0,0,0,0,3
0,0,0,0,0,0,0.378543886,0,0,0,0,0,0.136914566,0,0.135112361,0,0,0,0.157421604,0.183859774,0,0,0,0,0,0,0,0,0,0,0,0,0,0,0,0,0,0,0,0.421737526,0,0,0,0,0,0,0,0,0,0,3
0,0,0,0,0,0,0,0,0,0,0,0,0,0,0,0,0,0,0,0.133722197,0.116650447,0,0,0,0,0,0,0,0,0,0,0,0,0,0,0,0.153365979,0.121432865,0.137658496,0,0,0,0,0,0,0,0,0,0,0,3
0,0,0,0,0,0,0.163503199,0,0,0,0,0,0,0,0,0,0,0,0,0.317655758,0,0,0,0,0,0,0,0,0,0,0,0,0,0,0,0,0,0,0.163503199,0,0,0,0,0,0,0,0,0,0,0,3
0,0,0,0,0,0,0,0,0,0,0,0,0,0,0.165842558,0,0,0,0,0,0,0,0,0.225677168,0,0,0,0,0,0,0,0,0,0.170357074,0,0.479703283,0,0,0,0,0,0,0,0,0,0,0,0,0,0.401514409,3
0,0,0,0,0,0,0,0,0,0,0,0,0,0,0,0,0,0,0,0,0,0,0,0.210195747,0,0,0,0,0,0,0,0,0,0,0,0,0,0,0,0,0,0,0,0,0,0,0,0,0,0.373970578,3
0,0,0,0,0,0,0,0,0,0,0,0,0,0,0.136606988,0,0,0,0,0,0,0,0,0,0.213201414,0,0,0,0,0,0,0,0,0.140325663,0,0,0,0,0,0,0,0,0,0,0,0,0,0,0,0.496100111,3
0,0,0,0,0,0,0,0,0,0,0,0,0,0,0.318968524,0,0,0,0,0,0,0,0,0.217024853,0,0,0,0,0,0,0,0,0,0.32765139,0,0,0,0,0.223413282,0,0,0,0,0,0,0,0,0,0,0.193060304,3
0,0,0,0,0,0,0,0,0,0,0,0,0,0,0.162642843,0,0,0,0,0,0,0,0,0,0,0,0,0,0,0,0,0,0,0.334140516,0,0,0,0,0,0,0,0,0,0,0,0,0,0,0,0,3
0,0,0.748550656,0.438857978,0,0,0,0,0,0,0,0,0,0,0,0,0,0,0,0,0,0,0,0,0,0,0,0,0,0,0,0,0,0,0,0,0,0,0,0,0,0,0.337376299,0,0,0,0,0,0,0,2
0,0,0,0,0,0,0,0,0,0,0,0,0,0,0,0,0,0,0,0,0,0,0,0,0,0,0,0,0,0,0,0,0,0,0,0,0,0,0,0,0,0,0,0,0,0,0,0,0,0,1
0,0,0.568733344,0.166717619,0,0,0,0,0.318184871,0,0,0,0,0,0,0,0,0,0,0,0,0.251795527,0,0,0,0,0,0,0,0,0,0,0,0,0,0,0,0,0,0,0,0,0,0,0,0,0,0,0,0,2
0,0,0.442563766,0.259464925,0,0.180924876,0,0,0,0,0,0,0,0,0,0,0,0,0,0,0,0,0,0,0,0,0,0,0,0,0,0,0,0,0,0,0,0,0,0,0,0,0,0,0,0,0,0,0,0,2
0.155981984,0,0.311963969,0.457243192,0,0,0,0,0,0,0,0,0,0,0,0,0,0,0,0,0,0,0,0,0,0.328435578,0,0.180858641,0,0,0,0,0,0,0,0,0,0,0,0,0,0,0,0,0,0,0,0,0,0,2
0,0,0.403552894,0.236593751,0,0,0,0,0.451545269,0,0,0,0,0,0,0,0,0,0,0,0,0.178665124,0,0,0,0,0,0,0.451545269,0,0,0,0,0,0,0,0,0,0,0,0,0,0,0,0,0,0,0,0,0,2
0,0,0.225305623,0.396274464,0,0,0,0,0,0,0,0,0,0,0,0,0,0,0,0,0,0,0,0,0,0,0,0,0,0,0,0,0,0,0,0,0,0,0,0,0,0,0,0,0,0,0,0,0,0,2
0,0,0,0.472492649,0,0,0,0,0,0,0,0,0.126366204,0,0,0,0,0,0,0,0,0,0,0,0,0,0,0,0,0,0,0.169694595,0,0,0.180352879,0,0,0,0,0,0,0,0,0,0,0,0,0,0,0,2
0,0,0,0.283902484,0,0,0,0,0,0,0.15772,0,0,0,0,0,0,0,0,0,0,0,0,0,0,0,0,0,0,0,0,0.169938153,0,0,0,0,0,0,0,0,0,0,0,0,0,0,0,0,0,0,2
0,0,0,0.431478913,0,0,0,0,0.205872156,0,0,0,0,0,0,0,0,0,0,0,0,0.162916885,0,0,0,0,0,0,0,0,0,0.581117289,0,0,0,0,0,0,0,0,0,0,0.165851786,0,0,0,0,0,0,0,2
0,0,0,0,0,0,0,0,0,0,0,0,0,0,0,0,0,0,0,0,0,0,0,0,0,0,0,0,0,0,0,0,0,0,0,0,0,0,0,0,0,0,0,0,0,0,0,0,0,0,2
0,0,0,0.443919593,0,0,0,0,0,0,0.246616364,0,0,0,0,0,0,0,0,0,0,0,0,0,0,0.531442169,0,0,0,0,0,0.531442169,0,0,0,0,0,0,0,0,0,0,0,0,0,0,0,0,0,0,2
0,0,0,0.390418242,0,0,0,0,0,0,0,0,0,0,0,0,0,0,0,0,0,0,0,0,0,0.233696283,0,0,0,0,0,0,0,0,0,0,0,0,0,0,0,0,0,0,0,0.611583784,0,0,0,0,2
0,0,0,0.430167647,0,0,0,0,0,0,0,0,0,0,0,0,0,0,0,0,0,0,0,0,0,0,0,0.425372851,0,0,0,0,0,0,0,0,0,0,0,0,0,0,0,0,0,0.336925287,0,0,0,0,2
0,0,0,0.343060954,0,0,0,0,0,0,0,0,0,0,0,0,0,0,0,0,0,0.259064442,0,0,0,0,0,0,0,0,0,0,0,0,0.327370335,0,0,0,0,0,0,0,0,0,0,0.537399366,0,0,0,0,2
0,0,0,0.13135464,0,0,0,0,0,0,0,0,0,0,0,0,0,0,0,0,0,0,0,0,0,0,0,0,0,0,0,0,0,0,0,0,0,0,0,0,0,0,0,0,0,0.617294679,0,0,0,0,2
0,0,0,0.198238103,0,0,0,0,0,0,0,0,0,0,0,0,0,0,0,0,0,0,0,0,0,0,0,0,0,0,0,0,0,0,0,0,0,0,0,0,0,0,0,0,0,0.621073484,0,0,0,0,2
0.286100822,0,0,0.335468622,0,0.233922249,0,0,0,0,0.2795508,0,0,0,0,0,0,0,0,0,0,0,0,0,0,0.301206865,0,0,0.320125254,0,0,0,0,0,0,0,0,0,0,0,0,0,0.257894735,0,0,0,0,0,0,0,2
0.231516337,0,0,0.271465373,0,0.189292788,0,0,0,0,0.226215978,0,0,0,0,0,0,0,0,0,0,0,0,0,0,0.243740334,0,0,0,0,0,0,0,0,0,0,0,0,0,0,0,0,0,0,0,0,0,0,0,0,2
0,0,0,0.335539842,0,0,0,0,0,0,0.279610149,0,0,0,0,0,0,0,0,0,0,0,0,0,0,0.602541623,0,0,0.320193217,0,0,0,0,0,0,0,0,0,0,0,0,0,0,0,0,0,0,0,0,0,2
0,0,0,0.286164984,0,0.199542825,0,0,0,0,0.238465373,0,0.191334103,0,0,0,0,0,0,0,0,0,0,0,0,0,0,0,0,0,0,0,0,0,0,0,0,0,0,0,0,0,0,0,0,0,0,0,0,0,2
0,0,0,0.325830115,0,0.454402638,0,0,0,0,0.271518895,0,0.217854791,0,0,0,0,0,0,0,0,0,0,0,0,0,0,0,0,0,0,0,0,0,0,0,0,0,0,0,0,0,0,0,0,0,0,0,0,0,2
0,0,0,0.387411128,0,0,0,0,0,0,0,0,0,0.322835234,0,0,0,0,0,0,0,0,0,0,0,0,0,0,0,0,0,0,0,0,0,0,0,0,0,0,0,0,0,0,0,0.303436594,0,0,0,0,2
0,0,0,0,0,0,0,0,0,0,0,0,0,0.692886746,0,0,0,0,0,0,0,0,0,0,0,0,0,0,0,0,0,0,0,0,0,0,0,0,0,0,0,0,0,0,0,0,0,0,0,0,2
0,0,0,0,0,0,0,0,0,0,0,0,0.240386164,0.299600414,0,0,0,0,0,0,0,0,0,0,0,0,0,0,0,0,0,0,0,0,0,0,0,0,0,0,0,0,0,0,0,0.563195834,0,0,0,0,2
0,0,0,0.328025876,0,0.228732423,0,0,0,0,0,0,0.219322909,0.546697307,0,0,0,0,0,0,0,0,0,0,0,0,0,0,0,0,0,0,0,0,0,0,0,0,0,0,0,0,0,0,0,0,0,0,0,0,2
0,0,0,0.251327736,0,0,0,0,0,0,0,0,0,0.418869994,0,0,0,0,0,0,0,0,0,0,0,0,0,0,0,0,0,0,0,0,0,0,0,0,0,0,0,0,0,0,0,0,0,0,0,0,2
0,0,0,0,0,0,0,0,0,0,0,0,0,0,0.15861382,0,0,0,0,0,0,0,0,0,0.495094597,0,0,0,0,0,0,0,0,0.162931558,0,0,0,0,0,0,0,0,0,0,0,0,0,0,0,0,3
0,0,0,0,0,0,0.184069017,0,0,0,0,0,0,0,0,0,0,0,0,0,0,0,0,0,0,0,0,0,0,0,0,0,0,0,0,0,0,0,0,0,0,0,0,0,0,0,0,0,0,0,3
0,0,0,0.114146145,0,0,0,0,0,0,0,0,0,0,0.150630379,0,0,0,0,0,0,0,0,0,0,0,0,0,0,0,0,0,0,0.309461588,0,0,0,0,0,0,0,0,0,0,0,0,0,0,0.161571319,0,3
0,0,0,0,0,0,0,0,0,0,0,0,0.141737052,0,0,0,0,0,0,0,0,0,0,0,0,0,0,0,0,0,0,0,0,0.287357811,0,0,0,0,0,0,0,0,0,0,0,0,0,0,0,0,3
0,0,0,0,0,0,0,0,0,0,0,0,0,0,0.179525378,0,0,0,0,0,0,0,0,0.244296636,0,0,0,0,0,0,0,0,0,0.553237092,0,0,0,0,0,0,0,0,0,0,0,0,0,0,0,0.217320654,3
0,0,0,0,0,0,0,0,0,0,0,0,0,0,0.244026365,0,0,0,0,0,0,0,0,0.16603452,0,0,0,0,0,0,0,0,0,0.376003767,0,0,0,0,0,0,0,0,0,0,0,0,0,0,0,0.14770048,3
0,0,0,0,0,0,0,0,0,0,0,0,0,0,0.132995006,0,0,0,0,0,0,0,0,0,0,0,0,0,0,0,0,0,0,0.273230713,0,0.38469101,0,0,0,0,0,0,0,0,0,0,0,0,0,0.160994295,3
0,0.364536752,0,0,0,0.155878153,0,0,0,0,0,0,0,0,0,0,0,0,0,0,0,0,0,0.200714425,0,0,0,0,0,0,0,0,0,0.151513432,0,0,0,0.364536752,0,0,0,0,0,0,0,0,0,0,0,0.357101847,3
0,0,0,0,0,0,0,0,0,0,0,0,0,0,0,0,0,0,0,0.210055805,0,0,0,0,0,0,0,0,0,0,0,0,0,0,0,0,0.481825977,0.190751264,0,0,0,0,0,0,0,0,0,0,0,0,3
0,0,0,0,0,0,0.418746492,0,0,0,0,0,0,0,0,0,0,0,0,0.135590858,0,0,0,0,0,0,0,0,0,0,0,0,0,0,0,0,0,0,0.139582164,0,0,0,0,0,0,0,0,0,0.106878531,0,3
0,0,0,0,0,0,0.193707648,0,0,0,0,0,0.140123243,0,0,0,0,0,0,0.188168641,0,0,0,0,0,0,0,0,0,0,0,0,0,0,0,0,0,0.170875574,0,0,0,0,0,0,0,0,0,0,0,0,3
0,0,0,0,0,0,0.16872806,0,0,0,0,0,0,0,0,0,0,0,0,0.163903337,0.142978487,0,0,0,0,0,0,0,0,0,0,0,0,0,0,0,0,0,0.16872806,0,0,0,0,0,0,0,0,0,0,0,3
0,0,0,0,0.360104611,0,0,0,0,0,0,0,0,0,0,0,0,0,0,0,0,0,0,0,0,0,0,0,0,0,0,0,0,0,0,0,0,0,0,0,0,0,0,0,0,0,0,0,0,0,3
0,0,0,0,0.542383247,0,0,0,0,0,0,0,0,0,0,0,0,0,0,0,0,0,0,0,0,0,0,0,0,0,0,0,0,0,0,0,0,0,0,0,0,0,0,0,0,0,0,0,0,0,3
0,0,0,0,0.139838463,0,0,0,0,0,0,0,0.109631495,0,0,0,0,0,0,0,0,0,0,0,0,0,0,0,0,0,0,0,0,0,0,0,0,0,0,0,0,0,0,0,0,0,0,0.162140484,0,0,3
0,0,0,0,0,0,0,0,0,0,0,0,0.114800219,0,0,0,0,0,0,0,0,0,0,0,0,0,0,0,0,0,0,0,0,0,0,0,0,0,0,0,0,0,0,0,0,0,0,0,0,0,3
0,0,0,0,0,0,0,0,0,0,0,0,0,0,0,0.376537505,0,0,0,0,0,0,0.182272579,0,0,0,0,0,0,0.216296087,0.23441961,0,0,0,0,0,0,0,0,0,0,0,0,0,0,0,0,0,0,0,1
0,0,0,0,0,0,0,0,0,0,0,0,0,0,0,0.360387315,0,0,0,0,0,0,0.174454668,0,0,0,0,0,0,0.414037725,0,0,0,0,0,0,0,0,0,0,0,0,0,0,0,0,0,0,0,0,1
0,0,0,0,0,0,0,0,0,0,0,0,0,0,0,0.456247201,0,0,0,0,0,0,0,0,0,0,0,0,0,0,0,0,0,0,0,0,0,0,0,0,0,0,0,0,0,0,0,0,0,0,1
0,0,0,0,0,0,0,0,0,0,0,0,0,0,0,0.518611982,0,0,0,0,0,0,0,0,0,0,0,0,0,0.1986057,0,0,0,0,0,0,0,0,0,0,0,0,0,0,0,0,0,0,0,0,1
0,0,0,0,0,0,0,0,0,0,0,0,0,0,0,0,0,0,0,0,0.282256412,0,0,0,0,0,0,0,0,0,0,0,0,0,0,0,0,0,0,0,0,0.29382832,0,0,0,0,0,0,0.127523723,0,1
0,0.152951121,0,0,0,0,0,0,0,0,0,0,0,0,0,0,0,0,0.144210717,0,0.146927412,0,0,0,0,0,0.179009054,0,0,0,0,0,0,0,0,0,0,0,0,0,0,0.305902242,0,0,0,0,0,0,0,0,1
0,0,0,0,0,0,0,0,0,0,0,0,0.167092504,0,0,0.371028999,0,0,0,0,0.391477616,0,0,0,0,0,0,0,0,0.213131812,0,0,0,0,0,0,0,0,0,0,0,0.407527359,0,0,0,0,0,0,0,0,1
0,0,0,0,0,0,0,0,0,0,0,0,0,0,0,0,0,0,0,0,0.137412927,0,0,0,0,0,0,0,0,0,0,0,0,0,0,0,0,0,0,0,0,0.429139687,0,0,0,0,0,0,0,0,1
0,0,0,0,0,0,0,0,0,0.498515947,0,0,0,0,0,0,0,0,0,0,0,0,0,0,0,0,0,0,0,0,0,0,0,0,0,0,0,0,0,0,0.233441645,0,0,0,0,0,0,0,0,0,1
0,0,0,0,0,0,0,0,0,0.523646696,0,0,0,0,0,0,0,0,0,0,0,0,0,0,0,0,0,0,0,0,0,0,0.480913567,0,0,0,0,0,0,0,0,0,0,0,0,0,0,0,0.217277221,0,1
0,0,0,0,0,0,0,0,0,0,0,0.530698536,0,0,0,0,0,0,0,0,0,0,0,0,0,0,0,0,0,0,0,0,0,0,0,0,0,0,0,0,0.205814459,0,0,0,0,0,0,0,0.364739189,0,1
0,0,0,0,0,0,0,0,0,0.359597048,0,0,0.14095965,0,0,0,0,0,0,0,0,0,0,0,0,0,0,0,0,0,0,0,0.165125743,0,0,0,0,0,0,0,0.336779303,0,0,0,0,0,0,0,0,0,1
0,0,0,0.121659503,0,0,0,0,0,0,0,0,0,0,0,0,0,0,0,0,0,0,0,0,0,0,0,0,0,0,0,0,0,0,0,0,0,0,0,0,0,0,0,0,0.501123209,0,0,0,0.516618929,0,1
0,0,0,0,0,0,0,0,0,0,0,0,0,0,0,0,0,0,0,0,0,0,0,0,0,0,0,0,0,0.492145742,0,0,0,0,0,0,0,0,0,0,0.460917298,0,0,0,0,0,0,0,0,0,1
0,0,0,0,0,0,0,0,0,0,0,0,0,0,0,0,0,0,0,0,0,0,0,0,0,0,0,0,0,0,0,0,0,0,0,0,0,0,0,0,0.396469181,0,0,0,0,0,0,0,0.175653169,0,1
0,0,0,0,0,0,0,0,0,0,0,0,0,0,0,0,0,0,0.162134489,0,0,0,0,0,0,0,0,0,0,0,0,0,0,0,0,0,0,0,0,0,0,0,0,0,0,0,0,0,0,0,1
0,0.356605625,0,0,0,0,0,0.546691831,0,0,0,0,0,0,0,0,0,0,0.168113684,0,0,0,0,0,0,0,0,0,0,0,0.404254599,0,0,0,0,0,0,0,0,0,0,0,0,0,0,0,0,0,0,0,1
0,0.319939212,0,0,0,0,0,0.326987091,0,0,0,0,0,0,0,0,0,0,0,0,0,0,0,0,0,0,0,0,0,0,0,0,0,0,0,0,0,0,0,0,0,0,0,0,0,0,0,0,0.138856049,0,1
0,0.573510135,0,0,0,0,0,0.586143877,0,0,0,0,0,0,0,0,0,0,0,0,0,0,0,0,0,0,0,0,0,0,0,0,0,0,0,0,0,0,0,0,0,0,0,0,0,0,0,0,0,0,1
0,0,0,0,0,0,0,0,0,0,0,0,0,0,0,0,0,0,0,0,0,0,0,0,0,0,0.475679275,0,0,0.212560912,0,0,0,0,0,0,0,0,0,0,0,0,0,0,0,0,0,0,0.352792404,0,1
0,0,0,0,0,0,0,0,0,0,0,0,0,0,0,0.184336048,0,0,0,0,0,0,0.178465127,0,0,0,0.236963535,0,0,0,0,0,0,0,0,0,0,0,0,0,0,0,0,0,0,0,0,0,0,0,1
0,0,0,0,0,0,0,0,0,0,0,0,0,0,0,0.376142198,0,0,0.194767213,0,0,0,0,0,0,0,0,0,0,0,0,0,0,0,0,0,0,0,0,0,0,0,0,0,0,0,0,0,0.358614877,0,1
0,0,0,0,0,0,0,0,0,0,0,0,0,0,0.140942712,0,0,0,0.16421464,0,0,0,0,0,0,0,0,0,0,0,0,0,0,0,0,0,0,0,0,0,0,0,0,0.211228894,0,0,0,0,0,0,1
0,0,0,0,0,0,0,0,0,0,0,0,0,0,0,0.411395367,0,0,0.213021378,0,0,0,0.199146416,0,0,0,0,0,0,0.236319641,0,0,0,0,0,0,0,0,0,0,0,0,0,0,0,0,0,0,0,0,1
0,0,0,0,0,0,0,0,0,0,0,0,0,0,0,0,0,0,0,0,0,0,0,0,0,0,0,0,0,0,0,0,0,0,0,0,0,0,0,0,0,0.188671343,0,0,0,0,0,0,0,0,1
0,0,0,0,0,0,0,0,0,0,0,0,0,0,0,0,0,0,0,0,0,0,0.199193682,0,0,0,0,0,0,0,0,0,0.217085864,0,0,0,0,0,0,0,0,0,0,0,0,0,0,0,0,0,1
0,0,0,0,0,0,0,0,0,0,0,0,0,0,0,0,0,0,0.256505727,0,0.261337876,0,0.23979845,0,0,0,0,0,0,0,0,0,0,0,0,0,0,0,0,0,0,0.544104339,0,0,0,0,0,0,0,0,1
0,0,0,0,0,0,0,0,0,0,0,0,0,0,0,0,0,0,0,0,0,0,0,0,0,0,0,0,0,0,0,0,0,0,0,0,0,0,0,0,0,0.315216296,0,0,0,0,0,0,0,0,1
0,0,0,0,0,0,0,0,0,0,0,0,0,0,0,0,0,0,0,0,0.39592729,0,0,0,0,0,0,0,0,0,0,0,0,0,0,0,0,0,0,0,0,0.412159461,0,0,0,0,0,0,0,0,1
0,0,0,0,0,0,0,0,0,0.495793161,0,0,0,0,0,0,0,0,0,0,0,0,0,0,0,0,0,0,0,0,0,0,0,0,0,0,0,0,0,0,0,0,0,0,0.299324195,0,0,0,0,0,1
0,0,0,0,0,0,0,0,0,0.512395239,0,0,0,0,0.198211666,0,0,0,0,0,0,0,0,0,0,0,0,0,0,0,0,0,0.235290153,0,0,0,0,0,0,0,0,0,0,0,0,0,0,0,0,0,1
0,0,0,0,0,0,0,0,0,0.497084843,0,0,0,0,0,0,0,0,0,0,0,0,0,0,0,0,0,0,0,0,0,0,0.228259671,0,0,0,0,0,0,0,0,0,0,0,0,0,0,0,0,0,1
0,0,0,0,0,0,0,0,0,0.220942342,0,0,0,0,0.170935818,0,0,0,0,0,0,0,0,0,0,0,0,0,0,0,0,0,0.202911946,0,0,0,0,0,0,0,0,0,0,0,0,0,0,0,0,0,1
0,0,0,0,0,0,0,0,0,0.373837807,0,0,0,0,0,0,0,0,0,0,0,0,0,0,0,0,0,0,0,0,0,0,0,0,0,0,0,0,0,0,0,0,0,0,0,0,0,0,0,0,1
0,0,0,0,0,0,0,0,0,0,0,0,0,0,0,0.311102768,0,0,0.322179322,0,0,0,0,0,0,0,0,0,0,0,0,0,0,0,0,0,0,0,0,0,0,0,0,0,0,0,0,0,0.296606127,0,1
0,0,0,0,0,0,0,0,0,0,0,0,0,0,0,0,0,0,0,0,0,0,0.234198465,0,0,0,0,0,0,0.277914604,0,0,0,0,0,0,0,0,0,0,0.260279907,0,0,0,0,0,0,0,0.230630741,0,1
0,0,0,0,0,0,0,0,0,0,0,0,0,0,0,0,0,0,0,0,0,0,0.155205182,0,0,0,0,0,0,0,0,0,0,0,0,0,0,0,0,0,0,0,0,0,0,0,0,0,0,0,1
0,0,0,0,0,0,0,0,0,0,0,0,0,0,0,0,0,0,0,0,0,0,0,0,0,0,0,0,0,0.2242579,0,0,0,0,0,0,0,0,0,0,0.420055834,0,0,0,0,0,0,0,0.186103086,0,1
0,0,0,0,0,0,0,0,0,0,0,0,0,0,0,0,0,0,0,0,0,0,0,0,0,0,0,0,0,0,0,0,0,0,0,0,0,0,0,0,0,0,0,0,0,0,0,0,0,0,1
0,0.52753221,0,0,0,0,0,0.269576557,0,0,0,0,0,0,0,0,0,0,0.248693171,0,0,0,0,0,0,0,0,0,0,0,0.299010037,0,0,0,0,0,0,0,0,0,0,0,0,0,0,0,0,0,0,0,1
0,0.440318072,0,0,0,0,0,0.450017752,0,0,0,0,0,0,0,0,0,0,0,0,0,0,0,0,0,0,0,0,0,0,0,0,0,0,0,0,0,0,0,0,0,0,0.207578031,0,0,0,0,0,0,0,1
0,0,0,0,0,0,0,0.191906077,0,0,0,0,0,0,0,0,0,0,0,0,0,0,0,0,0,0,0,0,0,0,0,0,0,0,0,0,0,0,0,0,0,0,0.354079237,0,0,0,0,0,0,0,1
0,0.376349507,0,0,0,0,0,0.384640037,0,0,0,0,0,0,0,0,0,0,0,0,0,0,0.165865298,0,0,0,0,0,0,0,0,0,0,0,0,0,0,0,0,0,0,0,0,0,0,0,0,0,0,0,1
0,0,0,0.311934763,0,0,0,0,0,0,0,0,0,0,0,0,0,0,0,0,0,0.235559321,0,0,0,0,0,0,0,0,0,0.560153088,0,0,0,0,0,0,0,0,0,0,0.47960571,0,0,0,0,0,0,0,2
0,0,0,0.599664161,0,0.278763855,0,0,0,0,0,0,0,0,0,0,0,0,0,0,0,0,0,0,0,0,0,0,0,0,0,0.358946561,0,0,0,0,0,0,0,0,0,0,0.307331735,0,0,0,0,0,0,0,2
0,0,0,0.547813933,0,0.190995311,0,0,0,0,0,0,0,0,0,0,0,0,0,0,0,0,0,0,0,0,0,0,0,0,0,0.245932565,0,0,0.261379252,0,0,0,0,0,0,0,0.21056862,0,0,0,0,0,0,0,2
0,0,0,0.342108885,0,0.477105008,0,0,0,0,0,0,0,0,0,0,0,0,0,0,0,0,0,0,0,0,0,0,0,0,0,0,0,0,0,0,0,0,0,0,0,0,0,0,0,0,0,0,0,0,2
0,0,0.444989689,0.39133078,0,0.181916619,0,0,0.248954959,0,0,0,0,0,0,0,0,0,0,0,0,0.394020904,0,0,0,0,0,0,0,0,0,0,0,0,0,0,0,0,0,0,0,0,0,0,0,0,0,0,0,0,2
0,0,0,0.325934553,0,0,0,0,0,0,0,0,0,0,0,0,0,0,0,0,0,0,0,0,0,0,0,0,0,0,0,0,0,0,0,0,0,0,0,0,0,0,0,0,0,0,0,0,0,0,2
0.213041462,0,0,0.249802587,0,0.348374656,0,0,0.238377337,0,0,0,0,0,0,0,0,0,0.192038145,0,0,0,0,0,0,0,0,0,0,0,0,0,0,0,0,0,0,0,0,0,0,0,0,0,0,0,0,0,0,0,2
0,0,0,0,0,0,0,0,0,0,0,0,0,0,0,0,0,0,0,0,0,0.523842309,0,0,0,0,0,0,0,0,0,0,0,0,0.330980259,0,0,0,0,0,0,0,0,0,0,0,0,0,0,0,2
0,0,0,0,0,0,0,0,0,0,0,0,0.242529736,0,0,0,0,0,0,0,0,0.547842364,0,0,0,0,0,0,0,0,0,0,0,0,0,0,0,0,0,0,0,0,0,0,0,0.284108982,0,0,0,0,2
0,0,0,0.164255425,0,0,0,0,0,0,0,0,0.219647169,0,0,0,0,0,0,0,0,0.248076847,0,0,0,0,0,0,0,0,0,0,0,0,0,0,0,0,0,0,0,0,0,0,0,0,0,0,0,0,2
0,0,0,0,0,0,0,0,0,0,0,0,0,0,0,0,0,0,0,0,0,0.439985141,0,0,0,0,0,0,0,0,0,0,0,0,0,0,0,0,0,0,0,0,0,0,0,0,0,0,0,0,2
0,0,0,0,0,0,0,0,0,0,0,0,0,0,0,0,0.211879361,0,0,0,0,0,0,0,0,0,0,0,0,0,0,0,0,0,0,0,0,0,0,0,0,0,0,0,0,0,0,0,0,0,2
0.260729356,0,0,0.305719211,0,0.213177987,0,0,0,0,0.509520382,0,0.204408346,0,0,0,0,0,0,0,0,0,0,0,0,0,0,0,0,0,0,0,0,0,0,0,0,0,0,0,0,0,0,0,0,0,0,0,0,0,2
0.261071946,0,0,0.306120917,0,0.213458096,0,0,0,0,0.255094938,0,0,0,0,0,0,0,0,0,0,0,0,0,0,0,0,0,0,0,0,0,0,0,0,0,0,0,0,0,0,0,0,0,0,0,0,0,0,0,2
0,0,0,0.275751158,0,0.192281265,0,0,0,0,0,0,0.184371266,0,0,0,0,0,0,0,0,0,0,0,0,0,0,0,0,0,0,0,0,0,0,0,0,0,0,0,0,0,0.21198636,0,0,0,0,0,0,0,2
0,0,0,0.431115265,0,0,0,0,0,0,0,0,0.192166657,0,0,0,0,0,0,0,0,0,0,0,0,0,0,0,0,0,0,0,0,0,0,0,0,0,0,0,0,0,0.220949342,0,0,0,0,0,0,0,2
0,0,0,0,0,0,0,0,0,0,0,0,0.282507705,0,0,0,0,0,0,0,0,0,0,0,0,0,0,0,0,0,0,0,0,0,0,0,0,0,0,0,0,0,0,0,0,0.330940765,0,0,0,0,2
0,0,0,0,0,0,0,0,0,0,0,0,0.207162208,0.516384822,0,0,0.286382923,0,0,0,0,0,0,0,0,0,0,0,0,0,0,0,0,0,0,0,0,0,0,0,0,0,0,0,0,0,0,0,0,0,2
0,0,0,0,0,0,0,0,0,0,0,0,0,0,0,0,0,0,0,0,0,0.311949151,0,0,0,0,0,0.408488012,0,0,0,0,0,0,0,0,0,0,0,0,0,0,0,0,0,0,0,0,0,0,2
0,0,0,0,0,0,0,0,0.312256882,0,0,0,0,0,0,0,0,0,0,0,0,0,0,0,0,0,0,0,0,0,0,0,0,0,0,0,0,0,0,0,0,0,0,0,0,0,0,0,0,0,2
0,0,0,0,0,0,0,0,0,0,0,0,0,0,0.166364686,0,0.233051714,0,0,0,0,0,0.181208973,0,0,0,0,0,0,0,0,0,0,0.341786833,0,0,0,0,0,0,0.201389257,0,0,0,0,0,0,0,0,0,3
0,0,0,0,0,0,0,0,0,0,0,0,0,0,0,0,0.264547996,0,0,0,0,0,0,0,0,0,0,0,0,0,0,0,0,0.19398918,0,0,0,0,0,0,0,0,0,0,0,0,0,0,0,0,3
0,0,0,0,0,0,0,0,0,0,0,0,0,0,0,0,0,0,0,0,0,0,0,0,0.27430167,0,0,0,0,0,0,0,0,0.180540845,0,0,0,0,0,0,0,0,0,0,0,0,0,0,0,0,3
0,0,0,0,0,0,0,0,0,0,0,0,0,0,0,0,0.30517599,0,0,0,0,0,0,0,0,0,0,0,0,0,0,0,0,0.223781094,0,0,0,0,0,0,0,0,0,0,0,0,0,0,0,0,3
0,0,0,0,0,0,0,0,0,0,0,0,0,0,0,0,0.523729513,0,0,0,0,0,0,0,0,0,0,0,0,0,0,0,0,0,0,0,0,0,0,0,0,0,0,0,0,0,0,0,0,0.452575506,3
0,0,0,0,0,0,0,0,0,0,0,0,0,0,0,0,0,0,0,0,0,0,0,0.261116823,0,0,0,0,0,0,0,0,0,0,0,0,0,0,0,0,0,0,0,0,0,0,0,0,0,0.232283504,3
0,0,0,0,0,0,0,0,0,0,0,0,0,0,0,0,0.47821133,0,0,0,0,0,0,0,0,0,0,0,0,0,0,0,0,0,0,0,0,0,0,0,0,0,0,0,0,0,0,0,0,0.206620716,3
0,0,0,0,0,0,0,0,0,0,0,0,0,0,0.159664302,0,0,0,0,0,0,0,0,0.21726985,0.249186777,0,0,0,0,0,0,0,0,0.164010636,0,0,0,0,0,0,0,0,0,0,0,0,0,0,0,0.386556496,3
0,0,0,0,0.260085044,0,0,0,0,0,0,0,0,0,0,0,0,0,0,0,0,0,0,0,0,0,0,0,0,0,0,0,0,0,0,0,0,0,0,0,0,0,0,0,0,0,0.314041228,0.301564491,0,0,3
0,0,0,0,0.199361587,0,0,0,0,0,0,0,0,0,0,0,0,0,0,0,0,0,0,0,0,0,0,0,0,0,0,0,0,0,0,0.446141176,0,0,0,0,0,0,0,0,0,0,0.24072033,0.231156604,0,0,3
0,0,0,0,0.239684639,0,0,0,0,0,0,0,0,0,0,0,0,0,0,0,0,0,0,0,0,0,0,0,0,0,0,0,0,0,0,0,0.289408638,0,0,0,0,0,0,0,0,0,0.289408638,0.277910544,0,0,3
0,0,0,0,0,0,0,0,0,0,0,0,0,0,0,0,0,0,0,0,0.193011699,0,0,0,0,0,0,0,0,0,0,0,0,0,0,0,0,0,0,0,0,0,0,0,0,0,0.253761807,0.243679948,0,0,3
0,0,0,0,0,0,0,0,0,0,0,0,0,0,0,0,0,0,0,0,0,0,0,0,0,0,0,0,0,0,0,0,0,0,0,0,0,0,0,0.280748023,0,0,0,0.539188023,0,0,0,0,0,0,3
0,0,0,0,0,0,0,0,0,0,0,0,0,0,0.151172329,0,0,0,0,0,0,0,0,0,0,0,0,0,0,0,0,0,0,0.155287497,0,0,0,0,0,0.235933424,0,0,0,0.453119759,0,0,0,0,0,0,3
0,0,0,0,0,0,0,0,0,0,0,0,0,0,0.18327228,0,0,0,0,0,0,0,0,0,0,0,0,0,0,0,0,0,0,0.188261263,0,0,0,0.226475464,0,0.286031556,0,0,0,0.274667632,0,0,0,0,0,0,3
0,0,0,0,0,0,0,0,0,0,0,0,0,0,0,0,0,0,0,0,0,0,0,0,0,0,0,0,0,0,0,0,0,0.213923599,0,0,0,0,0.291733073,0,0,0,0,0.312108223,0,0,0,0,0,0,3
